,tconst,titleType,primaryTitle,originalTitle,isAdult,startYear,endYear,runtimeMinutes,genres
96861,tt0099077,movie,Awakenings,Awakenings,0,1990.0,\N,121,"Biography,Drama"
96872,tt0099088,movie,Back to the Future Part III,Back to the Future Part III,0,1990.0,\N,118,"Adventure,Comedy,Sci-Fi"
97126,tt0099348,movie,Dances with Wolves,Dances with Wolves,0,1990.0,\N,181,"Adventure,Drama,Western"
97264,tt0099487,movie,Edward Scissorhands,Edward Scissorhands,0,1990.0,\N,105,"Drama,Fantasy,Romance"
97444,tt0099674,movie,The Godfather Part III,The Godfather Part III,0,1990.0,\N,162,"Crime,Drama"
97454,tt0099685,movie,Goodfellas,Goodfellas,0,1990.0,\N,145,"Biography,Crime,Drama"
97552,tt0099785,movie,Home Alone,Home Alone,0,1990.0,\N,103,"Comedy,Family"
97575,tt0099810,movie,The Hunt for Red October,The Hunt for Red October,0,1990.0,\N,135,"Action,Adventure,Thriller"
97905,tt0100150,movie,Miller's Crossing,Miller's Crossing,0,1990.0,\N,115,"Crime,Drama,Thriller"
97912,tt0100157,movie,Misery,Misery,0,1990.0,\N,107,"Drama,Thriller"
97988,tt0100234,movie,Close-Up,Nema-ye Nazdik,0,1990.0,\N,98,"Biography,Crime,Drama"
98074,tt0100332,movie,Paris Is Burning,Paris Is Burning,0,1990.0,\N,78,Documentary
98534,tt0100802,movie,Total Recall,Total Recall,0,1990.0,\N,113,"Action,Adventure,Sci-Fi"
99128,tt0101410,movie,Barton Fink,Barton Fink,0,1991.0,\N,116,"Comedy,Drama,Thriller"
99132,tt0101414,movie,Beauty and the Beast,Beauty and the Beast,0,1991.0,\N,84,"Animation,Family,Fantasy"
99225,tt0101507,movie,Boyz n the Hood,Boyz n the Hood,0,1991.0,\N,112,"Crime,Drama"
99355,tt0101640,movie,Raise the Red Lantern,Da hong denglong gaogao gua,0,1991.0,\N,125,"Drama,Romance"
99364,tt0101649,movie,Thalapathi,Thalapathi,0,1991.0,\N,157,"Action,Crime,Drama"
99415,tt0101700,movie,Delicatessen,Delicatessen,0,1991.0,\N,99,"Comedy,Crime"
99479,tt0101765,movie,The Double Life of Véronique,La double vie de Véronique,0,1991.0,\N,98,"Drama,Fantasy,Music"
99602,tt0101889,movie,The Fisher King,The Fisher King,0,1991.0,\N,137,"Comedy,Drama,Fantasy"
99631,tt0101921,movie,Fried Green Tomatoes,Fried Green Tomatoes,0,1991.0,\N,130,Drama
99724,tt0102015,movie,Hearts of Darkness: A Filmmaker's Apocalypse,Hearts of Darkness: A Filmmaker's Apocalypse,0,1991.0,\N,96,Documentary
99844,tt0102138,movie,JFK,JFK,0,1991.0,\N,189,"Drama,History,Thriller"
100229,tt0102536,movie,Night on Earth,Night on Earth,0,1991.0,\N,129,"Comedy,Drama"
100617,tt0102926,movie,The Silence of the Lambs,The Silence of the Lambs,0,1991.0,\N,118,"Crime,Drama,Thriller"
100754,tt0103064,movie,Terminator 2: Judgment Day,Terminator 2: Judgment Day,0,1991.0,\N,137,"Action,Adventure,Sci-Fi"
100764,tt0103074,movie,Thelma & Louise,Thelma & Louise,0,1991.0,\N,130,"Adventure,Crime,Drama"
101321,tt0103639,movie,Aladdin,Aladdin,0,1992.0,\N,90,"Adventure,Animation,Comedy"
101448,tt0103767,movie,Baraka,Baraka,0,1992.0,\N,96,Documentary
101552,tt0103873,movie,Dead Alive,Braindead,0,1992.0,\N,104,"Comedy,Fantasy,Horror"
101929,tt0104257,movie,A Few Good Men,A Few Good Men,0,1992.0,\N,138,"Drama,Thriller"
102017,tt0104348,movie,Glengarry Glen Ross,Glengarry Glen Ross,0,1992.0,\N,100,"Crime,Drama,Mystery"
102224,tt0104561,movie,Jo Jeeta Wohi Sikandar,Jo Jeeta Wohi Sikandar,0,1992.0,\N,174,"Comedy,Drama,Romance"
102311,tt0104652,movie,Porco Rosso,Kurenai no buta,0,1992.0,\N,94,"Adventure,Animation,Comedy"
102342,tt0104684,movie,Hard Boiled,Lat sau san taam,0,1992.0,\N,128,"Action,Crime,Thriller"
102349,tt0104691,movie,The Last of the Mohicans,The Last of the Mohicans,0,1992.0,\N,112,"Action,Adventure,Drama"
102453,tt0104797,movie,Malcolm X,Malcolm X,0,1992.0,\N,202,"Biography,Drama,History"
102591,tt0104940,movie,The Muppet Christmas Carol,The Muppet Christmas Carol,0,1992.0,\N,85,"Comedy,Drama,Family"
102603,tt0104952,movie,My Cousin Vinny,My Cousin Vinny,0,1992.0,\N,120,"Comedy,Crime"
102877,tt0105236,movie,Reservoir Dogs,Reservoir Dogs,0,1992.0,\N,99,"Crime,Thriller"
102963,tt0105323,movie,Scent of a Woman,Scent of a Woman,0,1992.0,\N,156,Drama
103320,tt0105695,movie,Unforgiven,Unforgiven,0,1992.0,\N,130,"Drama,Western"
103937,tt0106332,movie,Farewell My Concubine,Ba wang bie ji,0,1993.0,\N,171,"Drama,Music,Romance"
103969,tt0106364,movie,Batman: Mask of the Phantasm,Batman: Mask of the Phantasm,0,1993.0,\N,76,"Action,Adventure,Animation"
104070,tt0106469,movie,"Blood In, Blood Out",Bound by Honor,0,1993.0,\N,180,"Crime,Drama"
104089,tt0106489,movie,A Bronx Tale,A Bronx Tale,0,1993.0,\N,121,"Crime,Drama"
104119,tt0106519,movie,Carlito's Way,Carlito's Way,0,1993.0,\N,144,"Crime,Drama,Thriller"
104273,tt0106677,movie,Dazed and Confused,Dazed and Confused,0,1993.0,\N,103,Comedy
104445,tt0106856,movie,Falling Down,Falling Down,0,1993.0,\N,113,"Action,Crime,Drama"
104563,tt0106977,movie,The Fugitive,The Fugitive,0,1993.0,\N,130,"Action,Crime,Drama"
104634,tt0107048,movie,Groundhog Day,Groundhog Day,0,1993.0,\N,101,"Comedy,Drama,Fantasy"
104789,tt0107207,movie,In the Name of the Father,In the Name of the Father,0,1993.0,\N,133,"Biography,Crime,Drama"
104870,tt0107290,movie,Jurassic Park,Jurassic Park,0,1993.0,\N,127,"Action,Adventure,Sci-Fi"
105216,tt0107653,movie,Naked,Naked,0,1993.0,\N,131,"Comedy,Drama"
105250,tt0107688,movie,The Nightmare Before Christmas,The Nightmare Before Christmas,0,1993.0,\N,76,"Animation,Family,Fantasy"
105254,tt0107692,movie,Ninja Scroll,Jûbê ninpûchô,0,1993.0,\N,94,"Action,Adventure,Animation"
105363,tt0107808,movie,A Perfect World,A Perfect World,0,1993.0,\N,138,"Crime,Drama,Thriller"
105373,tt0107818,movie,Philadelphia,Philadelphia,0,1993.0,\N,125,Drama
105377,tt0107822,movie,The Piano,The Piano,0,1993.0,\N,121,"Drama,Music,Romance"
105495,tt0107943,movie,The Remains of the Day,The Remains of the Day,0,1993.0,\N,134,"Drama,Romance"
105587,tt0108037,movie,The Sandlot,The Sandlot,0,1993.0,\N,101,"Comedy,Drama,Family"
105602,tt0108052,movie,Schindler's List,Schindler's List,0,1993.0,\N,195,"Biography,Drama,History"
105900,tt0108358,movie,Tombstone,Tombstone,0,1993.0,\N,130,"Biography,Drama,History"
105936,tt0108394,movie,Three Colors: Blue,Trois couleurs: Bleu,0,1993.0,\N,94,"Drama,Music,Mystery"
105941,tt0108399,movie,True Romance,True Romance,0,1993.0,\N,119,"Crime,Drama,Romance"
106090,tt0108550,movie,What's Eating Gilbert Grape,What's Eating Gilbert Grape,0,1993.0,\N,118,Drama
106642,tt0109117,movie,Andaz Apna Apna,Andaz Apna Apna,0,1994.0,\N,160,"Action,Comedy,Romance"
106942,tt0109424,movie,Chungking Express,Chung Hing sam lam,0,1994.0,\N,102,"Comedy,Crime,Drama"
106963,tt0109445,movie,Clerks,Clerks,0,1994.0,\N,92,Comedy
107022,tt0109506,movie,The Crow,The Crow,0,1994.0,\N,102,"Action,Crime,Drama"
107024,tt0109508,movie,Crumb,Crumb,0,1994.0,\N,119,"Biography,Comedy,Documentary"
107218,tt0109707,movie,Ed Wood,Ed Wood,0,1994.0,\N,127,"Biography,Comedy,Drama"
107339,tt0109830,movie,Forrest Gump,Forrest Gump,0,1994.0,\N,142,"Drama,Romance"
107561,tt0110057,movie,Hoop Dreams,Hoop Dreams,0,1994.0,\N,170,"Documentary,Drama,Sport"
107585,tt0110081,movie,To Live,Huo zhe,0,1994.0,\N,133,"Drama,War"
107650,tt0110148,movie,Interview with the Vampire: The Vampire Chronicles,Interview with the Vampire: The Vampire Chronicles,0,1994.0,\N,123,"Drama,Fantasy,Horror"
107820,tt0110322,movie,Legends of the Fall,Legends of the Fall,0,1994.0,\N,133,"Drama,Romance,War"
107855,tt0110357,movie,The Lion King,The Lion King,0,1994.0,\N,88,"Adventure,Animation,Drama"
107911,tt0110413,movie,Léon: The Professional,Léon,0,1994.0,\N,110,"Action,Crime,Drama"
108220,tt0110729,movie,Once Were Warriors,Once Were Warriors,0,1994.0,\N,102,"Crime,Drama"
108367,tt0110877,movie,The Postman,Il postino,0,1994.0,\N,108,"Biography,Comedy,Drama"
108402,tt0110912,movie,Pulp Fiction,Pulp Fiction,0,1994.0,\N,154,"Crime,Drama"
108649,tt0111161,movie,The Shawshank Redemption,The Shawshank Redemption,0,1994.0,\N,142,Drama
108973,tt0111495,movie,Three Colors: Red,Trois couleurs: Rouge,0,1994.0,\N,99,"Drama,Mystery,Romance"
108985,tt0111507,movie,Three Colors: White,Trois couleurs: Blanc,0,1994.0,\N,92,"Comedy,Drama,Romance"
109833,tt0112384,movie,Apollo 13,Apollo 13,0,1995.0,\N,140,"Adventure,Drama,History"
109918,tt0112471,movie,Before Sunrise,Before Sunrise,0,1995.0,\N,101,"Drama,Romance"
110018,tt0112573,movie,Braveheart,Braveheart,0,1995.0,\N,178,"Biography,Drama,War"
110024,tt0112579,movie,The Bridges of Madison County,The Bridges of Madison County,0,1995.0,\N,135,"Drama,Romance"
110083,tt0112641,movie,Casino,Casino,0,1995.0,\N,178,"Crime,Drama"
110255,tt0112817,movie,Dead Man,Dead Man,0,1995.0,\N,121,"Adventure,Drama,Fantasy"
110256,tt0112818,movie,Dead Man Walking,Dead Man Walking,0,1995.0,\N,122,"Crime,Drama"
110300,tt0112864,movie,Die Hard with a Vengeance,Die Hard with a Vengeance,0,1995.0,\N,128,"Action,Adventure,Thriller"
110306,tt0112870,movie,Dilwale Dulhania Le Jayenge,Dilwale Dulhania Le Jayenge,0,1995.0,\N,181,"Drama,Romance"
110349,tt0112913,movie,Fallen Angels,Do lok tin si,0,1995.0,\N,99,"Comedy,Crime,Drama"
110674,tt0113247,movie,La haine,La haine,0,1995.0,\N,98,"Crime,Drama"
110704,tt0113277,movie,Heat,Heat,0,1995.0,\N,170,"Action,Crime,Drama"
110983,tt0113568,movie,Ghost in the Shell,Kôkaku kidôtai,0,1995.0,\N,83,"Action,Animation,Crime"
111039,tt0113627,movie,Leaving Las Vegas,Leaving Las Vegas,0,1995.0,\N,111,"Drama,Romance"
111229,tt0113824,movie,Whisper of the Heart,Mimi wo sumaseba,0,1995.0,\N,111,"Animation,Drama,Family"
111760,tt0114369,movie,Se7en,Se7en,0,1995.0,\N,127,"Crime,Drama,Mystery"
111779,tt0114388,movie,Sense and Sensibility,Sense and Sensibility,0,1995.0,\N,136,"Drama,Romance"
112089,tt0114709,movie,Toy Story,Toy Story,0,1995.0,\N,81,"Adventure,Animation,Comedy"
112125,tt0114746,movie,12 Monkeys,12 Monkeys,0,1995.0,\N,129,"Mystery,Sci-Fi,Thriller"
112165,tt0114787,movie,Underground,Underground,0,1995.0,\N,167,"Comedy,Drama,Fantasy"
112187,tt0114814,movie,The Usual Suspects,The Usual Suspects,0,1995.0,\N,106,"Crime,Drama,Mystery"
113087,tt0115751,movie,Breaking the Waves,Breaking the Waves,0,1996.0,\N,159,Drama
113548,tt0116231,movie,The Bandit,Eskiya,0,1996.0,\N,128,"Crime,Drama,Thriller"
113598,tt0116282,movie,Fargo,Fargo,0,1996.0,\N,98,"Crime,Thriller"
113788,tt0116477,movie,Hamlet,Hamlet,0,1996.0,\N,242,Drama
114152,tt0116860,movie,"Pretty Village, Pretty Flame",Lepa sela lepo gore,0,1996.0,\N,115,"Drama,History,War"
114210,tt0116922,movie,Lost Highway,Lost Highway,0,1997.0,\N,134,"Drama,Mystery,Thriller"
114573,tt0117293,movie,Paradise Lost: The Child Murders at Robin Hood Hills,Paradise Lost: The Child Murders at Robin Hood Hills,0,1996.0,\N,150,"Crime,Documentary"
114659,tt0117381,movie,Primal Fear,Primal Fear,0,1996.0,\N,129,"Crime,Drama,Mystery"
114771,tt0117500,movie,The Rock,The Rock,0,1996.0,\N,136,"Action,Adventure,Thriller"
114837,tt0117571,movie,Scream,Scream,0,1996.0,\N,111,"Horror,Mystery"
114854,tt0117589,movie,Secrets & Lies,Secrets & Lies,0,1996.0,\N,136,"Comedy,Drama"
114896,tt0117631,movie,Shine,Shine,0,1996.0,\N,105,"Biography,Drama,Music"
114929,tt0117665,movie,Sleepers,Sleepers,0,1996.0,\N,147,"Crime,Drama,Thriller"
114930,tt0117666,movie,Sling Blade,Sling Blade,0,1996.0,\N,135,Drama
114991,tt0117731,movie,Star Trek: First Contact,Star Trek: First Contact,0,1996.0,\N,111,"Action,Adventure,Drama"
115166,tt0117913,movie,A Time to Kill,A Time to Kill,0,1996.0,\N,149,"Crime,Drama,Thriller"
115203,tt0117951,movie,Trainspotting,Trainspotting,0,1996.0,\N,93,Drama
115908,tt0118694,movie,In the Mood for Love,Fa yeung nin wah,0,2000.0,\N,98,"Drama,Romance"
115929,tt0118715,movie,The Big Lebowski,The Big Lebowski,0,1998.0,\N,117,"Comedy,Crime"
115961,tt0118749,movie,Boogie Nights,Boogie Nights,0,1997.0,\N,155,Drama
116010,tt0118799,movie,Life Is Beautiful,La vita è bella,0,1997.0,\N,116,"Comedy,Drama,Romance"
116051,tt0118843,movie,"Black Cat, White Cat","Crna machka, beli machor",0,1998.0,\N,127,"Comedy,Crime,Romance"
116057,tt0118849,movie,Children of Heaven,Bacheha-Ye aseman,0,1997.0,\N,89,"Drama,Family,Sport"
116091,tt0118884,movie,Contact,Contact,0,1997.0,\N,150,"Drama,Mystery,Sci-Fi"
116135,tt0118929,movie,Dark City,Dark City,0,1998.0,\N,100,"Fantasy,Mystery,Sci-Fi"
116175,tt0118971,movie,The Devil's Advocate,The Devil's Advocate,0,1997.0,\N,144,"Drama,Fantasy,Mystery"
116211,tt0119008,movie,Donnie Brasco,Donnie Brasco,0,1997.0,\N,127,"Biography,Crime,Drama"
116314,tt0119116,movie,The Fifth Element,Le Cinquième Élément,0,1997.0,\N,126,"Action,Adventure,Sci-Fi"
116363,tt0119167,movie,Funny Games,Funny Games,0,1997.0,\N,108,"Crime,Drama,Thriller"
116370,tt0119174,movie,The Game,The Game,0,1997.0,\N,129,"Drama,Mystery,Thriller"
116372,tt0119177,movie,Gattaca,GATTACA,0,1997.0,\N,106,"Drama,Sci-Fi,Thriller"
116407,tt0119217,movie,Good Will Hunting,Good Will Hunting,0,1997.0,\N,126,"Drama,Romance"
116580,tt0119396,movie,Jackie Brown,Jackie Brown,0,1997.0,\N,154,"Crime,Drama,Thriller"
116649,tt0119472,movie,Knockin' on Heaven's Door,Knockin' on Heaven's Door,0,1997.0,\N,87,"Action,Comedy,Crime"
116664,tt0119488,movie,L.A. Confidential,L.A. Confidential,0,1997.0,\N,138,"Crime,Drama,Mystery"
116860,tt0119698,movie,Princess Mononoke,Mononoke-hime,0,1997.0,\N,134,"Action,Adventure,Animation"
116974,tt0119822,movie,As Good as It Gets,As Good as It Gets,0,1997.0,\N,139,"Comedy,Drama,Romance"
117402,tt0120265,movie,Taste of Cherry,Ta'm e guilass,0,1997.0,\N,95,Drama
117472,tt0120338,movie,Titanic,Titanic,0,1997.0,\N,194,"Drama,Romance"
117495,tt0120363,movie,Toy Story 2,Toy Story 2,0,1999.0,\N,92,"Adventure,Animation,Comedy"
117514,tt0120382,movie,The Truman Show,The Truman Show,0,1998.0,\N,103,"Comedy,Drama"
117700,tt0120586,movie,American History X,American History X,0,1998.0,\N,119,"Crime,Drama"
117711,tt0120601,movie,Being John Malkovich,Being John Malkovich,0,1999.0,\N,113,"Comedy,Drama,Fantasy"
117762,tt0120663,movie,Eyes Wide Shut,Eyes Wide Shut,0,1999.0,\N,159,"Drama,Mystery,Thriller"
117766,tt0120669,movie,Fear and Loathing in Las Vegas,Fear and Loathing in Las Vegas,0,1998.0,\N,118,"Adventure,Comedy,Drama"
117782,tt0120689,movie,The Green Mile,The Green Mile,0,1999.0,\N,189,"Crime,Drama,Fantasy"
117815,tt0120731,movie,The Legend of 1900,La leggenda del pianista sull'oceano,0,1998.0,\N,169,"Drama,Music,Romance"
117818,tt0120735,movie,"Lock, Stock and Two Smoking Barrels","Lock, Stock and Two Smoking Barrels",0,1998.0,\N,107,"Action,Comedy,Crime"
117819,tt0120737,movie,The Lord of the Rings: The Fellowship of the Ring,The Lord of the Rings: The Fellowship of the Ring,0,2001.0,\N,178,"Action,Adventure,Drama"
117840,tt0120762,movie,Mulan,Mulan,0,1998.0,\N,87,"Adventure,Animation,Comedy"
117865,tt0120789,movie,Pleasantville,Pleasantville,0,1998.0,\N,124,"Comedy,Drama,Fantasy"
117883,tt0120815,movie,Saving Private Ryan,Saving Private Ryan,0,1998.0,\N,169,"Drama,War"
117916,tt0120863,movie,The Thin Red Line,The Thin Red Line,0,1998.0,\N,170,"Drama,History,War"
118159,tt0121164,movie,Corpse Bride,Corpse Bride,0,2005.0,\N,77,"Animation,Drama,Family"
118678,tt0121766,movie,Star Wars: Episode III - Revenge of the Sith,Star Wars: Episode III - Revenge of the Sith,0,2005.0,\N,140,"Action,Adventure,Fantasy"
122325,tt0125659,movie,Open Your Eyes,Abre los ojos,0,1997.0,\N,119,"Drama,Mystery,Sci-Fi"
122679,tt0126029,movie,Shrek,Shrek,0,2001.0,\N,90,"Adventure,Animation,Comedy"
124847,tt0128332,movie,Innocence,Masumiyet,0,1997.0,\N,110,Drama
124953,tt0128445,movie,Rushmore,Rushmore,0,1998.0,\N,93,"Comedy,Drama,Romance"
125652,tt0129167,movie,The Iron Giant,The Iron Giant,0,1999.0,\N,86,"Action,Adventure,Animation"
127222,tt0130827,movie,Run Lola Run,Lola rennt,0,1998.0,\N,80,"Action,Crime,Thriller"
128795,tt0132477,movie,October Sky,October Sky,0,1999.0,\N,108,"Biography,Drama,Family"
129374,tt0133093,movie,The Matrix,The Matrix,0,1999.0,\N,136,"Action,Sci-Fi"
133562,tt0137523,movie,Fight Club,Fight Club,0,1999.0,\N,139,Drama
135534,tt0139654,movie,Training Day,Training Day,0,2001.0,\N,122,"Crime,Drama,Thriller"
136197,tt0140352,movie,The Insider,The Insider,0,1999.0,\N,157,"Biography,Drama,Thriller"
136699,tt0140888,movie,Central Station,Central do Brasil,0,1998.0,\N,110,Drama
139755,tt0144084,movie,American Psycho,American Psycho,0,2000.0,\N,102,"Crime,Drama,Horror"
139787,tt0144117,movie,The Boondock Saints,The Boondock Saints,0,1999.0,\N,108,"Action,Crime,Thriller"
141091,tt0145487,movie,Spider-Man,Spider-Man,0,2002.0,\N,121,"Action,Adventure,Sci-Fi"
143115,tt0147612,movie,Happiness,Happiness,0,1998.0,\N,134,"Comedy,Drama"
147150,tt0151804,movie,Office Space,Office Space,0,1999.0,\N,89,Comedy
149661,tt0154420,movie,The Celebration,Festen,0,1998.0,\N,105,Drama
152027,tt0156887,movie,Perfect Blue,Pâfekuto burû,0,1997.0,\N,81,"Animation,Crime,Drama"
154004,tt0158983,movie,"South Park: Bigger, Longer & Uncut","South Park: Bigger, Longer & Uncut",0,1999.0,\N,81,"Animation,Comedy,Fantasy"
156957,tt0162222,movie,Cast Away,Cast Away,0,2000.0,\N,143,"Adventure,Drama,Romance"
160241,tt0165798,movie,Ghost Dog: The Way of the Samurai,Ghost Dog: The Way of the Samurai,0,1999.0,\N,116,"Crime,Drama"
161258,tt0166896,movie,The Straight Story,The Straight Story,0,1999.0,\N,112,"Biography,Drama"
161285,tt0166924,movie,Mulholland Drive,Mulholland Dr.,0,2001.0,\N,147,"Drama,Mystery,Thriller"
161589,tt0167260,movie,The Lord of the Rings: The Return of the King,The Lord of the Rings: The Return of the King,0,2003.0,\N,201,"Action,Adventure,Drama"
161590,tt0167261,movie,The Lord of the Rings: The Two Towers,The Lord of the Rings: The Two Towers,0,2002.0,\N,179,"Action,Adventure,Drama"
161722,tt0167404,movie,The Sixth Sense,The Sixth Sense,0,1999.0,\N,107,"Drama,Mystery,Thriller"
162878,tt0168629,movie,Dancer in the Dark,Dancer in the Dark,0,2000.0,\N,140,"Crime,Drama,Musical"
163294,tt0169102,movie,Lagaan: Once Upon a Time in India,Lagaan: Once Upon a Time in India,0,2001.0,\N,224,"Drama,Musical,Sport"
163695,tt0169547,movie,American Beauty,American Beauty,0,1999.0,\N,122,Drama
163990,tt0169858,movie,Neon Genesis Evangelion: The End of Evangelion,"Shin seiki Evangelion Gekijô-ban: Air/Magokoro wo, kimi ni",0,1997.0,\N,87,"Action,Animation,Drama"
165853,tt0171804,movie,Boys Don't Cry,Boys Don't Cry,0,1999.0,\N,118,"Biography,Crime,Drama"
166515,tt0172495,movie,Gladiator,Gladiator,0,2000.0,\N,155,"Action,Adventure,Drama"
168788,tt0174856,movie,The Hurricane,The Hurricane,0,1999.0,\N,146,"Biography,Drama,Sport"
169753,tt0175880,movie,Magnolia,Magnolia,0,1999.0,\N,188,Drama
173702,tt0180093,movie,Requiem for a Dream,Requiem for a Dream,0,2000.0,\N,102,Drama
175201,tt0181689,movie,Minority Report,Minority Report,0,2002.0,\N,145,"Action,Crime,Mystery"
175358,tt0181865,movie,Traffic,Traffic,0,2000.0,\N,147,"Crime,Drama,Thriller"
175368,tt0181875,movie,Almost Famous,Almost Famous,0,2000.0,\N,122,"Adventure,Comedy,Drama"
178394,tt0185125,movie,All About My Mother,Todo sobre mi madre,0,1999.0,\N,101,"Comedy,Drama,Romance"
183201,tt0190332,movie,"Crouching Tiger, Hidden Dragon",Wo hu cang long,0,2000.0,\N,120,"Action,Adventure,Drama"
183439,tt0190590,movie,"O Brother, Where Art Thou?","O Brother, Where Art Thou?",0,2000.0,\N,107,"Comedy,Crime,Drama"
183855,tt0191043,movie,The Color of Paradise,Rang-e khoda,0,1999.0,\N,90,"Drama,Family"
187771,tt0195231,movie,Satya,Satya,0,1998.0,\N,170,"Action,Crime,Drama"
191072,tt0198781,movie,"Monsters, Inc.","Monsters, Inc.",0,2001.0,\N,92,"Adventure,Animation,Comedy"
192255,tt0200087,movie,Sarfarosh,Sarfarosh,0,1999.0,\N,174,"Action,Crime,Drama"
194891,tt0203009,movie,Moulin Rouge!,Moulin Rouge!,0,2001.0,\N,127,"Drama,Musical,Romance"
198301,tt0206634,movie,Children of Men,Children of Men,0,2006.0,\N,109,"Action,Drama,Sci-Fi"
199664,tt0208092,movie,Snatch,Snatch,0,2000.0,\N,102,"Comedy,Crime"
200639,tt0209144,movie,Memento,Memento,0,2000.0,\N,113,"Mystery,Thriller"
202329,tt0210945,movie,Remember the Titans,Remember the Titans,0,2000.0,\N,113,"Biography,Drama,Sport"
203231,tt0211915,movie,Amélie,Le fabuleux destin d'Amélie Poulain,0,2001.0,\N,122,"Comedy,Romance"
206061,tt0214915,movie,Manichithrathazhu,Manichitrathazhu,0,1993.0,\N,169,"Comedy,Horror,Mystery"
206854,tt0215750,movie,Enemy at the Gates,Enemy at the Gates,0,2001.0,\N,131,"Action,Drama,War"
208517,tt0217505,movie,Gangs of New York,Gangs of New York,0,2002.0,\N,167,"Crime,Drama"
211797,tt0221027,movie,Blow,Blow,0,2001.0,\N,124,"Biography,Crime,Drama"
220804,tt0230600,movie,The Others,The Others,0,2001.0,\N,104,"Horror,Mystery,Thriller"
230593,tt0240772,movie,Ocean's Eleven,Ocean's Eleven,0,2001.0,\N,116,"Crime,Thriller"
231322,tt0241527,movie,Harry Potter and the Sorcerer's Stone,Harry Potter and the Sorcerer's Stone,0,2001.0,\N,152,"Adventure,Family,Fantasy"
232286,tt0242519,movie,Hera Pheri,Hera Pheri,0,2000.0,\N,156,"Action,Comedy,Crime"
232761,tt0243017,movie,Waking Life,Waking Life,0,2001.0,\N,99,"Animation,Drama,Fantasy"
232869,tt0243133,movie,The Man Who Wasn't There,The Man Who Wasn't There,0,2001.0,\N,116,"Crime,Drama"
233986,tt0244316,movie,Yi Yi,Yi yi,0,2000.0,\N,173,"Drama,Romance"
235047,tt0245429,movie,Spirited Away,Sen to Chihiro no kamikakushi,0,2001.0,\N,125,"Adventure,Animation,Family"
235184,tt0245574,movie,And Your Mother Too,Y tu mamá también,0,2001.0,\N,106,Drama
235314,tt0245712,movie,Amores Perros,Amores perros,0,2000.0,\N,154,"Drama,Thriller"
235441,tt0245844,movie,The Count of Monte Cristo,The Count of Monte Cristo,0,2002.0,\N,131,"Action,Adventure,Drama"
236130,tt0246578,movie,Donnie Darko,Donnie Darko,0,2001.0,\N,113,"Drama,Mystery,Sci-Fi"
237091,tt0247586,movie,Nine Queens,Nueve reinas,0,2000.0,\N,114,"Crime,Drama,Thriller"
238300,tt0248845,movie,Hedwig and the Angry Inch,Hedwig and the Angry Inch,0,2001.0,\N,95,"Comedy,Drama,Music"
238879,tt0249462,movie,Billy Elliot,Billy Elliot,0,2000.0,\N,110,"Drama,Music"
239640,tt0250258,movie,The Experiment,Das Experiment,0,2001.0,\N,120,"Drama,Thriller"
242673,tt0253474,movie,The Pianist,The Pianist,0,2002.0,\N,150,"Biography,Drama,Music"
246103,tt0257044,movie,Road to Perdition,Road to Perdition,0,2002.0,\N,117,"Crime,Drama,Thriller"
247460,tt0258463,movie,The Bourne Identity,The Bourne Identity,0,2002.0,\N,119,"Action,Mystery,Thriller"
248490,tt0259534,movie,Ramayana: The Legend of Prince Rama,Ramayana: The Legend of Prince Rama,0,1993.0,\N,135,"Action,Adventure,Animation"
249873,tt0260991,movie,Joint Security Area,Gongdong gyeongbi guyeok JSA,0,2000.0,\N,110,"Action,Drama,Thriller"
252210,tt0263438,movie,Everything's Gonna Be Great,Her Sey Çok Güzel Olacak,0,1998.0,\N,107,"Comedy,Drama,Thriller"
253200,tt0264464,movie,Catch Me If You Can,Catch Me If You Can,0,2002.0,\N,141,"Biography,Crime,Drama"
253786,tt0265086,movie,Black Hawk Down,Black Hawk Down,0,2001.0,\N,144,"Action,Drama,History"
254320,tt0265666,movie,The Royal Tenenbaums,The Royal Tenenbaums,0,2001.0,\N,110,"Comedy,Drama"
254935,tt0266308,movie,Battle Royale,Batoru rowaiaru,0,2000.0,\N,114,"Action,Adventure,Drama"
255160,tt0266543,movie,Finding Nemo,Finding Nemo,0,2003.0,\N,100,"Adventure,Animation,Comedy"
255307,tt0266697,movie,Kill Bill: Vol. 1,Kill Bill: Vol. 1,0,2003.0,\N,111,"Action,Crime,Thriller"
256663,tt0268126,movie,Adaptation.,Adaptation.,0,2002.0,\N,115,"Comedy,Drama"
256899,tt0268380,movie,Ice Age,Ice Age,0,2002.0,\N,81,"Adventure,Animation,Comedy"
257474,tt0268978,movie,A Beautiful Mind,A Beautiful Mind,0,2001.0,\N,135,"Biography,Drama,Mystery"
258510,tt0270053,movie,Vizontele,Vizontele,0,2001.0,\N,110,"Comedy,Drama"
259786,tt0271383,movie,A Dog's Will,O Auto da Compadecida,0,2000.0,\N,104,"Comedy,Drama,Fantasy"
262815,tt0274558,movie,The Hours,The Hours,0,2002.0,\N,110,"Drama,Romance"
263501,tt0275277,movie,Cowboy Bebop: The Movie,Cowboy Bebop: Tengoku no tobira,0,2001.0,\N,115,"Action,Animation,Crime"
265049,tt0276919,movie,Dogville,Dogville,0,2003.0,\N,178,"Crime,Drama"
265151,tt0277027,movie,I Am Sam,I Am Sam,0,2001.0,\N,132,Drama
271382,tt0283509,movie,No Man's Land,No Man's Land,0,2001.0,\N,98,"Comedy,Drama,War"
273965,tt0286244,movie,The Triplets of Belleville,Les triplettes de Belleville,0,2003.0,\N,80,"Adventure,Animation,Comedy"
275142,tt0287467,movie,Talk to Her,Hable con ella,0,2002.0,\N,112,"Drama,Mystery,Romance"
276641,tt0289043,movie,28 Days Later,28 Days Later...,0,2002.0,\N,113,"Drama,Horror,Sci-Fi"
277449,tt0289879,movie,The Butterfly Effect,The Butterfly Effect,0,2004.0,\N,113,"Drama,Sci-Fi,Thriller"
277549,tt0289992,movie,The Life of David Gale,The Life of David Gale,0,2003.0,\N,130,"Crime,Drama,Mystery"
277873,tt0290334,movie,X2,X2,0,2003.0,\N,134,"Action,Sci-Fi,Thriller"
278823,tt0291350,movie,Millennium Actress,Sennen joyû,0,2001.0,\N,87,"Animation,Drama,Fantasy"
279915,tt0292490,movie,Dil Chahta Hai,Dil Chahta Hai,0,2001.0,\N,183,"Comedy,Drama,Romance"
281097,tt0293715,movie,My Sassy Girl,Yeopgijeogin geunyeo,0,2001.0,\N,137,"Comedy,Drama,Romance"
282628,tt0295297,movie,Harry Potter and the Chamber of Secrets,Harry Potter and the Chamber of Secrets,0,2002.0,\N,161,"Adventure,Family,Fantasy"
286003,tt0298845,movie,In America,In America,0,2002.0,\N,105,Drama
287085,tt0299977,movie,Hero,Ying xiong,0,2002.0,\N,120,"Action,Adventure,Drama"
287244,tt0300140,movie,Lilya 4-Ever,Lilja 4-ever,0,2002.0,\N,109,"Crime,Drama"
288384,tt0301357,movie,Good Bye Lenin!,Good Bye Lenin!,0,2003.0,\N,121,"Comedy,Drama,Romance"
290994,tt0304141,movie,Harry Potter and the Prisoner of Azkaban,Harry Potter and the Prisoner of Azkaban,0,2004.0,\N,142,"Adventure,Family,Fantasy"
294585,tt0307901,movie,25th Hour,25th Hour,0,2002.0,\N,135,Drama
295300,tt0308644,movie,Finding Neverland,Finding Neverland,0,2004.0,\N,106,"Biography,Drama,Family"
297373,tt0310793,movie,Bowling for Columbine,Bowling for Columbine,0,2002.0,\N,120,"Crime,Documentary,Drama"
297682,tt0311113,movie,Master and Commander: The Far Side of the World,Master and Commander: The Far Side of the World,0,2003.0,\N,138,"Action,Adventure,Drama"
298538,tt0312004,movie,Wallace & Gromit: The Curse of the Were-Rabbit,The Curse of the Were-Rabbit,0,2005.0,\N,85,"Adventure,Animation,Comedy"
300524,tt0314067,movie,Philanthropy,Filantropica,0,2002.0,\N,110,"Comedy,Drama"
300780,tt0314331,movie,Love Actually,Love Actually,0,2003.0,\N,135,"Comedy,Drama,Romance"
302130,tt0315733,movie,21 Grams,21 Grams,0,2003.0,\N,124,"Crime,Drama,Thriller"
303014,tt0316654,movie,Spider-Man 2,Spider-Man 2,0,2004.0,\N,127,"Action,Adventure,Sci-Fi"
303584,tt0317248,movie,City of God,Cidade de Deus,0,2002.0,\N,130,"Crime,Drama"
304027,tt0317705,movie,The Incredibles,The Incredibles,0,2004.0,\N,115,"Action,Adventure,Animation"
304222,tt0317910,movie,The Fog of War,The Fog of War: Eleven Lessons from the Life of Robert S. McNamara,0,2003.0,\N,107,"Biography,Documentary,History"
304757,tt0318462,movie,The Motorcycle Diaries,Diarios de motocicleta,0,2004.0,\N,126,"Adventure,Biography,Drama"
305337,tt0319061,movie,Big Fish,Big Fish,0,2003.0,\N,125,"Adventure,Drama,Fantasy"
305992,tt0319736,movie,The Legend of Bhagat Singh,The Legend of Bhagat Singh,0,2002.0,\N,155,"Action,Biography,Drama"
311774,tt0325710,movie,The Last Samurai,The Last Samurai,0,2003.0,\N,154,"Action,Drama"
312035,tt0325980,movie,Pirates of the Caribbean: The Curse of the Black Pearl,Pirates of the Caribbean: The Curse of the Black Pearl,0,2003.0,\N,143,"Action,Adventure,Fantasy"
313069,tt0327056,movie,Mystic River,Mystic River,0,2003.0,\N,138,"Crime,Drama,Mystery"
313590,tt0327597,movie,Coraline,Coraline,0,2009.0,\N,100,"Animation,Drama,Family"
314082,tt0328107,movie,Man on Fire,Man on Fire,0,2004.0,\N,146,"Action,Crime,Drama"
316275,tt0330373,movie,Harry Potter and the Goblet of Fire,Harry Potter and the Goblet of Fire,0,2005.0,\N,157,"Adventure,Family,Fantasy"
318116,tt0332280,movie,The Notebook,The Notebook,0,2004.0,\N,123,"Drama,Romance"
321041,tt0335266,movie,Lost in Translation,Lost in Translation,0,2003.0,\N,102,"Comedy,Drama"
323708,tt0338013,movie,Eternal Sunshine of the Spotless Mind,Eternal Sunshine of the Spotless Mind,0,2004.0,\N,108,"Drama,Romance,Sci-Fi"
323989,tt0338309,movie,Evil,Ondskan,0,2003.0,\N,113,Drama
324233,tt0338564,movie,Infernal Affairs,Mou gaan dou,0,2002.0,\N,101,"Action,Crime,Drama"
324410,tt0338751,movie,The Aviator,The Aviator,0,2004.0,\N,170,"Biography,Drama"
325987,tt0340377,movie,The Station Agent,The Station Agent,0,2003.0,\N,89,"Comedy,Drama"
329727,tt0344510,movie,A Very Long Engagement,Un long dimanche de fiançailles,0,2004.0,\N,133,"Drama,Mystery,Romance"
331501,tt0346336,movie,The Best of Youth,La meglio gioventù,0,2003.0,\N,374,"Drama,Romance"
332199,tt0347048,movie,Head-On,Gegen die Wand,0,2004.0,\N,121,"Drama,Romance"
332300,tt0347149,movie,Howl's Moving Castle,Hauru no ugoku shiro,0,2004.0,\N,119,"Adventure,Animation,Family"
332452,tt0347304,movie,Kal Ho Naa Ho,Kal Ho Naa Ho,0,2003.0,\N,186,"Comedy,Drama,Musical"
335315,tt0350258,movie,Ray,Ray,0,2004.0,\N,152,"Biography,Drama,Music"
336850,tt0351817,movie,The Twilight Samurai,Tasogare Seibei,0,2002.0,\N,129,"Drama,Romance"
337270,tt0352248,movie,Cinderella Man,Cinderella Man,0,2005.0,\N,144,"Biography,Drama,Romance"
338942,tt0353969,movie,Memories of Murder,Salinui chueok,0,2003.0,\N,132,"Crime,Drama,Mystery"
343138,tt0358273,movie,Walk the Line,Walk the Line,0,2005.0,\N,136,"Biography,Drama,Music"
343315,tt0358456,movie,Earthlings,Earthlings,0,2005.0,\N,95,Documentary
346374,tt0361596,movie,Fahrenheit 9/11,Fahrenheit 9/11,0,2004.0,\N,122,"Documentary,Drama,War"
346516,tt0361748,movie,Inglourious Basterds,Inglourious Basterds,0,2009.0,\N,153,"Adventure,Drama,War"
346626,tt0361862,movie,The Machinist,The Machinist,0,2004.0,\N,101,"Drama,Thriller"
346981,tt0362227,movie,The Terminal,The Terminal,0,2004.0,\N,128,"Comedy,Drama,Romance"
347884,tt0363163,movie,Downfall,Der Untergang,0,2004.0,\N,156,"Biography,Drama,History"
349254,tt0364569,movie,Oldboy,Oldeuboi,0,2003.0,\N,120,"Action,Drama,Mystery"
350377,tt0365748,movie,Shaun of the Dead,Shaun of the Dead,0,2004.0,\N,99,"Comedy,Horror"
351677,tt0367110,movie,Swades,"Swades: We, the People",0,2004.0,\N,189,"Drama,Musical"
352046,tt0367495,movie,Anbe Sivam,Anbe Sivam,0,2003.0,\N,160,"Adventure,Comedy,Drama"
353818,tt0369339,movie,Collateral,Collateral,0,2004.0,\N,120,"Action,Crime,Drama"
354164,tt0369702,movie,The Sea Inside,Mar adentro,0,2004.0,\N,126,"Biography,Drama"
355405,tt0370986,movie,Mysterious Skin,Mysterious Skin,0,2004.0,\N,105,Drama
356141,tt0371746,movie,Iron Man,Iron Man,0,2008.0,\N,126,"Action,Adventure,Sci-Fi"
356560,tt0372183,movie,The Bourne Supremacy,The Bourne Supremacy,0,2004.0,\N,108,"Action,Mystery,Thriller"
357137,tt0372784,movie,Batman Begins,Batman Begins,0,2005.0,\N,140,"Action,Crime,Drama"
357176,tt0372824,movie,The Chorus,Les choristes,0,2004.0,\N,97,"Drama,Music"
357417,tt0373074,movie,Kung Fu Hustle,Kung fu,0,2004.0,\N,99,"Action,Comedy,Fantasy"
357799,tt0373469,movie,Kiss Kiss Bang Bang,Kiss Kiss Bang Bang,0,2005.0,\N,103,"Comedy,Crime,Mystery"
358205,tt0373889,movie,Harry Potter and the Order of the Phoenix,Harry Potter and the Order of the Phoenix,0,2007.0,\N,138,"Action,Adventure,Family"
358834,tt0374546,movie,"Spring, Summer, Fall, Winter... and Spring",Bom yeoreum gaeul gyeoul geurigo bom,0,2003.0,\N,103,"Drama,Romance"
359166,tt0374887,movie,Munna Bhai M.B.B.S.,Munna Bhai M.B.B.S.,0,2003.0,\N,156,"Comedy,Drama"
359335,tt0375063,movie,Sideways,Sideways,0,2004.0,\N,127,"Comedy,Drama,Romance"
359870,tt0375611,movie,Black,Black,0,2005.0,\N,122,Drama
359936,tt0375679,movie,Crash,Crash,0,2004.0,\N,112,"Crime,Drama,Thriller"
360372,tt0376127,movie,Anniyan,Anniyan,0,2005.0,\N,181,"Action,Crime,Drama"
361189,tt0376968,movie,The Return,Vozvrashchenie,0,2003.0,\N,110,Drama
362378,tt0378194,movie,Kill Bill: Vol. 2,Kill Bill: Vol. 2,0,2004.0,\N,137,"Action,Crime,Thriller"
363380,tt0379225,movie,The Corporation,The Corporation,0,2003.0,\N,145,"Documentary,History"
363702,tt0379557,movie,Touching the Void,Touching the Void,0,2003.0,\N,106,"Adventure,Documentary,Drama"
363924,tt0379786,movie,Serenity,Serenity,0,2005.0,\N,119,"Action,Adventure,Sci-Fi"
365159,tt0381061,movie,Casino Royale,Casino Royale,0,2006.0,\N,144,"Action,Adventure,Thriller"
365759,tt0381681,movie,Before Sunset,Before Sunset,0,2004.0,\N,80,"Drama,Romance"
365924,tt0381849,movie,3:10 to Yuma,3:10 to Yuma,0,2007.0,\N,122,"Action,Crime,Drama"
366973,tt0382932,movie,Ratatouille,Ratatouille,0,2007.0,\N,111,"Adventure,Animation,Comedy"
367064,tt0383028,movie,"Synecdoche, New York","Synecdoche, New York",0,2008.0,\N,124,Drama
367596,tt0383574,movie,Pirates of the Caribbean: Dead Man's Chest,Pirates of the Caribbean: Dead Man's Chest,0,2006.0,\N,151,"Action,Adventure,Fantasy"
367829,tt0383846,movie,"When I Grow Up, I'll Be a Kangaroo",Kad porastem bicu Kengur,0,2004.0,\N,92,Comedy
368014,tt0384116,movie,G.O.R.A.,G.O.R.A.,0,2004.0,\N,127,"Adventure,Comedy,Sci-Fi"
368689,tt0385004,movie,House of Flying Daggers,Shi mian mai fu,0,2004.0,\N,119,"Action,Adventure,Drama"
369677,tt0386032,movie,Sicko,Sicko,0,2007.0,\N,123,"Documentary,Drama"
369708,tt0386064,movie,Tae Guk Gi: The Brotherhood of War,Taegukgi hwinalrimyeo,0,2004.0,\N,140,"Action,Drama,War"
371171,tt0387564,movie,Saw,Saw,0,2004.0,\N,103,"Horror,Mystery,Thriller"
372059,tt0388473,movie,Tokyo Godfathers,Tôkyô goddofâzâzu,0,2003.0,\N,92,"Adventure,Animation,Comedy"
372376,tt0388795,movie,Brokeback Mountain,Brokeback Mountain,0,2005.0,\N,134,"Drama,Romance"
373115,tt0389557,movie,Black Book,Zwartboek,0,2006.0,\N,145,"Drama,Thriller,War"
378521,tt0395169,movie,Hotel Rwanda,Hotel Rwanda,0,2004.0,\N,121,"Biography,Drama,History"
379501,tt0396171,movie,Perfume: The Story of a Murderer,Perfume: The Story of a Murderer,0,2006.0,\N,147,"Crime,Drama,Fantasy"
381567,tt0398286,movie,Tangled,Tangled,0,2010.0,\N,100,"Adventure,Animation,Comedy"
382554,tt0399295,movie,Lord of War,Lord of War,0,2005.0,\N,122,"Crime,Drama"
383470,tt0400234,movie,Black Friday,Black Friday,0,2004.0,\N,143,"Action,Crime,Drama"
384288,tt0401085,movie,C.R.A.Z.Y.,C.R.A.Z.Y.,0,2005.0,\N,129,"Comedy,Drama"
384585,tt0401383,movie,The Diving Bell and the Butterfly,Le scaphandre et le papillon,0,2007.0,\N,112,"Biography,Drama"
384986,tt0401792,movie,Sin City,Sin City,0,2005.0,\N,124,"Crime,Thriller"
387343,tt0404203,movie,Little Children,Little Children,0,2006.0,\N,137,"Drama,Romance"
388200,tt0405094,movie,The Lives of Others,Das Leben der Anderen,0,2006.0,\N,137,"Drama,Mystery,Thriller"
388262,tt0405159,movie,Million Dollar Baby,Million Dollar Baby,0,2004.0,\N,132,"Drama,Sport"
388599,tt0405508,movie,Rang De Basanti,Rang De Basanti,0,2006.0,\N,167,"Comedy,Crime,Drama"
390920,tt0407887,movie,The Departed,The Departed,0,2006.0,\N,151,"Crime,Drama,Thriller"
391322,tt0408306,movie,Munich,Munich,0,2005.0,\N,164,"Action,Drama,History"
391667,tt0408664,movie,Nobody Knows,Dare mo shiranai,0,2004.0,\N,141,Drama
392442,tt0409459,movie,Watchmen,Watchmen,0,2009.0,\N,162,"Action,Drama,Mystery"
395008,tt0412080,movie,The World's Fastest Indian,The World's Fastest Indian,0,2005.0,\N,127,"Biography,Drama,Sport"
397257,tt0414387,movie,Pride & Prejudice,Pride & Prejudice,0,2005.0,\N,129,"Drama,Romance"
399114,tt0416320,movie,Match Point,Match Point,0,2005.0,\N,124,"Drama,Romance,Thriller"
399242,tt0416449,movie,300,300,0,2006.0,\N,117,"Action,Drama"
399743,tt0416960,movie,The Lizard,Marmoulak,0,2004.0,\N,115,"Comedy,Drama"
400509,tt0417741,movie,Harry Potter and the Half-Blood Prince,Harry Potter and the Half-Blood Prince,0,2009.0,\N,153,"Action,Adventure,Family"
401198,tt0418455,movie,Adam's Apples,Adams æbler,0,2005.0,\N,94,"Comedy,Crime,Drama"
402595,tt0419887,movie,The Kite Runner,The Kite Runner,0,2007.0,\N,128,Drama
402922,tt0420223,movie,Stranger Than Fiction,Stranger Than Fiction,0,2006.0,\N,113,"Comedy,Drama,Fantasy"
403030,tt0420332,movie,Veer-Zaara,Veer-Zaara,0,2004.0,\N,192,"Drama,Family,Musical"
403759,tt0421082,movie,Control,Control,0,2007.0,\N,122,"Biography,Drama,Music"
404372,tt0421715,movie,The Curious Case of Benjamin Button,The Curious Case of Benjamin Button,0,2008.0,\N,166,"Drama,Fantasy,Romance"
404972,tt0422320,movie,Ghilli,Ghilli,0,2004.0,\N,160,"Action,Drama,Romance"
406489,tt0423866,movie,3-Iron,Bin-jip,0,2004.0,\N,88,"Crime,Drama,Romance"
406842,tt0424227,movie,Turtles Can Fly,Lakposhtha parvaz mikonand,0,2004.0,\N,98,"Drama,War"
407706,tt0425112,movie,Hot Fuzz,Hot Fuzz,0,2007.0,\N,121,"Action,Comedy,Mystery"
407803,tt0425210,movie,Lucky Number Slevin,Lucky Number Slevin,0,2006.0,\N,110,"Crime,Drama,Thriller"
407917,tt0425333,movie,Pardon,Pardon,0,2005.0,\N,99,"Comedy,Drama"
409846,tt0427312,movie,Grizzly Man,Grizzly Man,0,2005.0,\N,103,"Biography,Documentary"
410470,tt0427944,movie,Thank You for Smoking,Thank You for Smoking,0,2005.0,\N,92,"Comedy,Drama"
411373,tt0428870,movie,A Moment to Remember,Nae meorisokui jiwoogae,0,2004.0,\N,117,"Drama,Romance"
414685,tt0432283,movie,Fantastic Mr. Fox,Fantastic Mr. Fox,0,2009.0,\N,87,"Adventure,Animation,Comedy"
416737,tt0434409,movie,V for Vendetta,V for Vendetta,0,2005.0,\N,132,"Action,Drama,Sci-Fi"
418063,tt0435761,movie,Toy Story 3,Toy Story 3,0,2010.0,\N,103,"Adventure,Animation,Comedy"
423144,tt0440963,movie,The Bourne Ultimatum,The Bourne Ultimatum,0,2007.0,\N,115,"Action,Mystery,Thriller"
423926,tt0441773,movie,Kung Fu Panda,Kung Fu Panda,0,2008.0,\N,92,"Action,Adventure,Animation"
424057,tt0441909,movie,Volver,Volver,0,2006.0,\N,121,"Comedy,Drama"
425572,tt0443453,movie,Borat,Borat: Cultural Learnings of America for Make Benefit Glorious Nation of Kazakhstan,0,2006.0,\N,84,Comedy
425656,tt0443543,movie,The Illusionist,The Illusionist,0,2006.0,\N,110,"Drama,Fantasy,Mystery"
425784,tt0443680,movie,The Assassination of Jesse James by the Coward Robert Ford,The Assassination of Jesse James by the Coward Robert Ford,0,2007.0,\N,160,"Biography,Crime,Drama"
425807,tt0443706,movie,Zodiac,Zodiac,0,2007.0,\N,157,"Crime,Drama,Mystery"
428077,tt0446029,movie,Scott Pilgrim vs. the World,Scott Pilgrim vs. the World,0,2010.0,\N,112,"Action,Comedy,Fantasy"
428104,tt0446059,movie,Fearless,Huo Yuan Jia,0,2006.0,\N,104,"Action,Biography,Drama"
430993,tt0449059,movie,Little Miss Sunshine,Little Miss Sunshine,0,2006.0,\N,101,"Comedy,Drama"
431385,tt0449467,movie,Babel,Babel,0,2006.0,\N,143,Drama
432089,tt0450188,movie,La Vie En Rose,La Môme,0,2007.0,\N,140,"Biography,Drama,Music"
432157,tt0450259,movie,Blood Diamond,Blood Diamond,0,2006.0,\N,143,"Adventure,Drama,Thriller"
432971,tt0451094,movie,Lady Vengeance,Chinjeolhan geumjassi,0,2005.0,\N,115,"Crime,Drama,Thriller"
434454,tt0452623,movie,Gone Baby Gone,Gone Baby Gone,0,2007.0,\N,114,"Crime,Drama,Mystery"
435350,tt0453562,movie,42,42,0,2013.0,\N,128,"Biography,Drama,Sport"
435514,tt0453729,movie,Iqbal,Iqbal,0,2005.0,\N,132,"Drama,Sport"
436610,tt0454848,movie,Inside Man,Inside Man,0,2006.0,\N,129,"Crime,Drama,Mystery"
436636,tt0454876,movie,Life of Pi,Life of Pi,0,2012.0,\N,127,"Adventure,Drama,Fantasy"
436678,tt0454921,movie,The Pursuit of Happyness,The Pursuit of Happyness,0,2006.0,\N,117,"Biography,Drama"
437336,tt0455590,movie,The Last King of Scotland,The Last King of Scotland,0,2006.0,\N,123,"Biography,Drama,History"
437869,tt0456144,movie,Lage Raho Munna Bhai,Lage Raho Munna Bhai,0,2006.0,\N,144,"Comedy,Drama,Romance"
439118,tt0457430,movie,Pan's Labyrinth,El laberinto del fauno,0,2006.0,\N,118,"Drama,Fantasy,War"
439332,tt0457655,movie,After the Wedding,Efter brylluppet,0,2006.0,\N,120,Drama
442427,tt0460791,movie,The Fall,The Fall,0,2006.0,\N,117,"Adventure,Drama,Fantasy"
443897,tt0462322,movie,Grindhouse,Grindhouse,0,2007.0,\N,191,"Action,Horror,Thriller"
445532,tt0463998,movie,Freedom Writers,Freedom Writers,0,2007.0,\N,123,"Biography,Crime,Drama"
447919,tt0466460,movie,Khosla Ka Ghosla!,Khosla Ka Ghosla!,0,2006.0,\N,135,"Comedy,Crime,Drama"
448833,tt0467406,movie,Juno,Juno,0,2007.0,\N,96,"Comedy,Drama"
449965,tt0468569,movie,The Dark Knight,The Dark Knight,0,2008.0,\N,152,"Action,Crime,Drama"
450867,tt0469494,movie,There Will Be Blood,There Will Be Blood,0,2007.0,\N,158,Drama
452101,tt0470752,movie,Ex Machina,Ex Machina,0,2014.0,\N,108,"Drama,Sci-Fi,Thriller"
452899,tt0471571,movie,Athadu,Athadu,0,2005.0,\N,172,"Action,Crime,Drama"
453360,tt0472043,movie,Apocalypto,Apocalypto,0,2006.0,\N,139,"Action,Adventure,Drama"
456499,tt0475276,movie,United 93,United 93,0,2006.0,\N,111,"Action,Drama,History"
457907,tt0476735,movie,My Father and My Son,Babam ve Oglum,0,2005.0,\N,112,"Drama,Family"
458488,tt0477348,movie,No Country for Old Men,No Country for Old Men,0,2007.0,\N,122,"Crime,Drama,Thriller"
461078,tt0480025,movie,This Is England,This Is England,0,2006.0,\N,101,"Crime,Drama"
463531,tt0482571,movie,The Prestige,The Prestige,0,2006.0,\N,130,"Drama,Mystery,Sci-Fi"
466804,tt0485947,movie,Mr. Nobody,Mr. Nobody,0,2009.0,\N,141,"Drama,Fantasy,Romance"
467485,tt0486655,movie,Stardust,Stardust,0,2007.0,\N,127,"Adventure,Family,Fantasy"
469203,tt0488414,movie,Omkara,Omkara,0,2006.0,\N,155,"Action,Crime,Drama"
478887,tt0498380,movie,Letters from Iwo Jima,Letters from Iwo Jima,0,2006.0,\N,141,"Action,Adventure,Drama"
480017,tt0499549,movie,Avatar,Avatar,0,2009.0,\N,162,"Action,Adventure,Fantasy"
732700,tt0756683,movie,The Man from Earth,The Man from Earth,0,2007.0,\N,87,"Drama,Fantasy,Mystery"
734715,tt0758758,movie,Into the Wild,Into the Wild,0,2007.0,\N,148,"Adventure,Biography,Drama"
741177,tt0765429,movie,American Gangster,American Gangster,0,2007.0,\N,157,"Biography,Crime,Drama"
741189,tt0765443,movie,Eastern Promises,Eastern Promises,0,2007.0,\N,100,"Crime,Drama,Thriller"
746313,tt0770802,movie,Samsara,Samsara,0,2011.0,\N,102,"Documentary,Music"
755733,tt0780504,movie,Drive,Drive,0,2011.0,\N,100,"Action,Drama"
755762,tt0780536,movie,In Bruges,In Bruges,0,2008.0,\N,107,"Comedy,Crime,Drama"
758377,tt0783233,movie,Atonement,Atonement,0,2007.0,\N,123,"Drama,Mystery,Romance"
765552,tt0790636,movie,Dallas Buyers Club,Dallas Buyers Club,0,2013.0,\N,117,"Biography,Drama"
771077,tt0796366,movie,Star Trek,Star Trek,0,2009.0,\N,127,"Action,Adventure,Sci-Fi"
782806,tt0808417,movie,Persepolis,Persepolis,0,2007.0,\N,96,"Animation,Biography,Drama"
782888,tt0808506,movie,The Girl Who Leapt Through Time,Toki o kakeru shôjo,0,2006.0,\N,98,"Adventure,Animation,Comedy"
788549,tt0814314,movie,Seven Pounds,Seven Pounds,0,2008.0,\N,123,"Drama,Mystery,Thriller"
789439,tt0815241,movie,Religulous,Religulous,0,2008.0,\N,101,"Comedy,Documentary,War"
790575,tt0816442,movie,The Book Thief,The Book Thief,0,2013.0,\N,131,"Drama,War"
790806,tt0816692,movie,Interstellar,Interstellar,0,2014.0,\N,169,"Adventure,Drama,Sci-Fi"
791281,tt0817177,movie,Flipped,Flipped,0,2010.0,\N,90,"Comedy,Drama,Romance"
798668,tt0824747,movie,Changeling,Changeling,0,2008.0,\N,141,"Biography,Crime,Drama"
799122,tt0825232,movie,The Bucket List,The Bucket List,0,2007.0,\N,97,"Adventure,Comedy,Drama"
803166,tt0829482,movie,Superbad,Superbad,0,2007.0,\N,113,Comedy
813648,tt0840361,movie,The Town,The Town,0,2010.0,\N,125,"Crime,Drama,Thriller"
821252,tt0848228,movie,The Avengers,The Avengers,0,2012.0,\N,143,"Action,Sci-Fi"
824539,tt0851578,movie,Paprika,Paprika,0,2006.0,\N,90,"Animation,Drama,Fantasy"
833518,tt0860906,movie,Evangelion: 2.0 You Can (Not) Advance,Evangelion Shin Gekijôban: Ha,0,2009.0,\N,112,"Action,Animation,Drama"
834336,tt0861739,movie,Elite Squad,Tropa de Elite,0,2007.0,\N,115,"Action,Crime,Drama"
842482,tt0870111,movie,Frost/Nixon,Frost/Nixon,0,2008.0,\N,122,"Biography,Drama,History"
843815,tt0871510,movie,Chak De! India,Chak De! India,0,2007.0,\N,153,"Drama,Family,Sport"
848694,tt0876563,movie,Ponyo,Gake no ue no Ponyo,0,2008.0,\N,101,"Adventure,Animation,Comedy"
850878,tt0878804,movie,The Blind Side,The Blind Side,0,2009.0,\N,129,"Biography,Drama,Sport"
859668,tt0887912,movie,The Hurt Locker,The Hurt Locker,0,2008.0,\N,131,"Drama,Thriller,War"
864360,tt0892769,movie,How to Train Your Dragon,How to Train Your Dragon,0,2010.0,\N,98,"Action,Adventure,Animation"
874745,tt0903624,movie,The Hobbit: An Unexpected Journey,The Hobbit: An Unexpected Journey,0,2012.0,\N,169,"Adventure,Fantasy"
878608,tt0907657,movie,Once,Once,0,2007.0,\N,86,"Drama,Music,Romance"
881797,tt0910970,movie,WALL·E,WALL·E,0,2008.0,\N,98,"Adventure,Animation,Family"
885469,tt0914798,movie,The Boy in the Striped Pajamas,The Boy in the Striped Pajamas,0,2008.0,\N,94,"Drama,War"
889351,tt0918927,movie,Doubt,Doubt,0,2008.0,\N,104,"Drama,Mystery"
894060,tt0923752,movie,The King of Kong: A Fistful of Quarters,The King of Kong,0,2007.0,\N,79,"Biography,Documentary,Sport"
896340,tt0926084,movie,Harry Potter and the Deathly Hallows: Part 1,Harry Potter and the Deathly Hallows - Part 1,0,2010.0,\N,146,"Adventure,Family,Fantasy"
906505,tt0936501,movie,Taken,Taken,0,2008.0,\N,90,"Action,Crime,Thriller"
915216,tt0945513,movie,Source Code,Source Code,0,2011.0,\N,93,"Action,Drama,Mystery"
917404,tt0947798,movie,Black Swan,Black Swan,0,2010.0,\N,108,"Drama,Thriller"
933560,tt0964517,movie,The Fighter,The Fighter,0,2010.0,\N,116,"Action,Biography,Drama"
939018,tt0970179,movie,Hugo,Hugo,0,2011.0,\N,126,"Adventure,Drama,Family"
944620,tt0976051,movie,The Reader,The Reader,0,2008.0,\N,124,"Drama,Mystery,Romance"
947258,tt0978762,movie,Mary and Max,Mary and Max.,0,2009.0,\N,92,"Animation,Comedy,Drama"
954522,tt0986264,movie,Like Stars on Earth,Taare Zameen Par,0,2007.0,\N,162,"Drama,Family"
956278,tt0988045,movie,Sherlock Holmes,Sherlock Holmes,0,2009.0,\N,128,"Action,Adventure,Mystery"
961891,tt0993846,movie,The Wolf of Wall Street,The Wolf of Wall Street,0,2013.0,\N,180,"Biography,Comedy,Crime"
1013762,tt10083340,movie,Gangubai Kathiawadi,Gangubai Kathiawadi,0,2022.0,\N,152,"Biography,Crime,Drama"
1023284,tt1010048,movie,Slumdog Millionaire,Slumdog Millionaire,0,2008.0,\N,120,"Crime,Drama,Romance"
1043696,tt1013753,movie,Milk,Milk,0,2008.0,\N,128,"Biography,Drama,History"
1049311,tt1014762,movie,Home,Home,0,2009.0,\N,118,"Documentary,Family"
1057018,tt1016150,movie,All Quiet on the Western Front,Im Westen nichts Neues,0,2022.0,\N,148,"Action,Drama,War"
1072465,tt10189514,movie,Soorarai Pottru,Soorarai Pottru,0,2020.0,\N,153,"Action,Drama"
1078749,tt1020072,movie,Selma,Selma,0,2014.0,\N,128,"Biography,Drama,History"
1086615,tt10214826,movie,Agent Sai Srinivasa Athreya,Agent Sai Srinivasa Athreya,0,2019.0,\N,148,"Comedy,Crime,Mystery"
1092789,tt1022603,movie,500 Days of Summer,(500) Days of Summer,0,2009.0,\N,95,"Comedy,Drama,Romance"
1104205,tt1024648,movie,Argo,Argo,0,2012.0,\N,120,"Biography,Drama,History"
1118657,tt10272386,movie,The Father,The Father,0,2020.0,\N,97,"Drama,Mystery"
1123037,tt10280296,movie,Sardar Udham,Sardar Udham,0,2021.0,\N,164,"Biography,Crime,Drama"
1125819,tt1028532,movie,Hachi: A Dog's Tale,Hachi: A Dog's Tale,0,2009.0,\N,93,"Biography,Drama,Family"
1127609,tt10288566,movie,Another Round,Druk,0,2020.0,\N,117,Drama
1131295,tt10295212,movie,Shershaah,Shershaah,0,2021.0,\N,135,"Action,Biography,Drama"
1147207,tt10324144,movie,Article 15,Article 15,0,2019.0,\N,130,"Crime,Drama,Mystery"
1149649,tt1032846,movie,"4 Months, 3 Weeks and 2 Days","4 luni, 3 saptamâni si 2 zile",0,2007.0,\N,113,Drama
1170491,tt10366206,movie,John Wick: Chapter 4,John Wick: Chapter 4,0,2023.0,\N,169,"Action,Crime,Thriller"
1170615,tt10366460,movie,CODA,CODA,0,2021.0,\N,111,"Comedy,Drama,Music"
1172939,tt10370710,movie,The Worst Person in the World,Verdens verste menneske,0,2021.0,\N,128,"Comedy,Drama,Romance"
1206569,tt10431500,movie,Miracle in Cell No. 7,Yedinci Kogustaki Mucize,0,2019.0,\N,132,Drama
1220448,tt1045658,movie,Silver Linings Playbook,Silver Linings Playbook,0,2012.0,\N,122,"Comedy,Drama,Romance"
1241118,tt1049413,movie,Up,Up,0,2009.0,\N,96,"Adventure,Animation,Comedy"
1263450,tt10534500,movie,#Home,#Home,0,2021.0,\N,158,"Drama,Family"
1274437,tt10554232,movie,Dara of Jasenovac,Dara iz Jasenovca,0,2020.0,\N,130,"Drama,War"
1319830,tt1063669,movie,The Wave,Die Welle,0,2008.0,\N,107,"Drama,Thriller"
1327660,tt1065073,movie,Boyhood,Boyhood,0,2014.0,\N,165,Drama
1350764,tt1069238,movie,Departures,Okuribito,0,2008.0,\N,130,Drama
1354401,tt10698680,movie,K.G.F: Chapter 2,K.G.F: Chapter 2,0,2022.0,\N,166,"Action,Crime,Drama"
1360151,tt1070874,movie,The Trial of the Chicago 7,The Trial of the Chicago 7,0,2020.0,\N,129,"Drama,History,Thriller"
1381363,tt1074638,movie,Skyfall,Skyfall,0,2012.0,\N,143,"Action,Adventure,Thriller"
1417250,tt10811166,movie,The Kashmir Files,The Kashmir Files,0,2022.0,\N,170,Drama
1450139,tt10869778,movie,Maidaan,Maidaan,0,2023.0,\N,181,"Biography,Drama,History"
1451758,tt10872600,movie,Spider-Man: No Way Home,Spider-Man: No Way Home,0,2021.0,\N,148,"Action,Adventure,Fantasy"
1464722,tt10895576,movie,Mimi,Mimi,0,2021.0,\N,132,"Comedy,Drama"
1473942,tt1091191,movie,Lone Survivor,Lone Survivor,0,2013.0,\N,121,"Action,Biography,Drama"
1485843,tt1093370,movie,Jab We Met,Jab We Met,0,2007.0,\N,138,"Comedy,Drama,Romance"
1541351,tt11032374,movie,Demon Slayer: Kimetsu no Yaiba - The Movie: Mugen Train,Gekijô-ban Kimetsu no Yaiba Mugen Ressha-hen,0,2020.0,\N,117,"Action,Adventure,Animation"
1632265,tt1119646,movie,The Hangover,The Hangover,0,2009.0,\N,100,Comedy
1665778,tt1125849,movie,The Wrestler,The Wrestler,0,2008.0,\N,109,"Drama,Sport"
1693530,tt1130884,movie,Shutter Island,Shutter Island,0,2010.0,\N,138,"Drama,Mystery,Thriller"
1703258,tt1132620,movie,The Girl with the Dragon Tattoo,Män som hatar kvinnor,0,2009.0,\N,152,"Crime,Drama,Mystery"
1725190,tt1136608,movie,District 9,District 9,0,2009.0,\N,112,"Action,Sci-Fi,Thriller"
1734172,tt11382384,movie,The Dissident,The Dissident,0,2020.0,\N,119,"Crime,Documentary,Thriller"
1742686,tt1139797,movie,Let the Right One In,Låt den rätte komma in,0,2008.0,\N,114,"Drama,Fantasy,Horror"
1779235,tt11464826,movie,The Social Dilemma,The Social Dilemma,0,2020.0,\N,94,"Documentary,Drama"
1795268,tt1149362,movie,The White Ribbon,Das weiße Band - Eine deutsche Kindergeschichte,0,2009.0,\N,144,"Drama,Mystery,Thriller"
1814470,tt1152758,movie,Dear Zachary: A Letter to a Son About His Father,Dear Zachary: A Letter to a Son About His Father,0,2008.0,\N,95,"Biography,Crime,Documentary"
1830291,tt11555492,movie,Farha,Farha,0,2021.0,\N,92,Drama
1830541,tt1155592,movie,Man on Wire,Man on Wire,0,2008.0,\N,94,"Biography,Crime,Documentary"
1835092,tt1156398,movie,Zombieland,Zombieland,0,2009.0,\N,88,"Action,Comedy,Horror"
1844407,tt11580854,movie,Sarpatta Parambarai,Sarpatta Parambarai,0,2021.0,\N,173,"Action,Drama,Sport"
1844585,tt11581174,movie,Karnan,Karnan,0,2021.0,\N,158,"Action,Drama"
1857338,tt1160419,movie,Dune,Dune,0,2021.0,\N,155,"Action,Adventure,Drama"
1912807,tt1170358,movie,The Hobbit: The Desolation of Smaug,The Hobbit: The Desolation of Smaug,0,2013.0,\N,161,"Adventure,Drama,Fantasy"
1920396,tt1171701,movie,The Breath,Nefes: Vatan Sagolsun,0,2009.0,\N,128,"Action,Drama,Thriller"
1969844,tt1180583,movie,Vaaranam Aayiram,Vaaranam Aayiram,0,2008.0,\N,169,"Action,Drama,Musical"
1973989,tt11813216,movie,The Banshees of Inisherin,The Banshees of Inisherin,0,2022.0,\N,114,"Comedy,Drama"
1979660,tt1182345,movie,Moon,Moon,0,2009.0,\N,97,"Drama,Mystery,Sci-Fi"
1997932,tt1185616,movie,Waltz with Bashir,Vals Im Bashir,0,2008.0,\N,90,"Animation,Biography,Documentary"
2005924,tt1187043,movie,3 Idiots,3 Idiots,0,2009.0,\N,170,"Comedy,Drama"
2016704,tt1188996,movie,My Name Is Khan,My Name Is Khan,0,2010.0,\N,165,"Adventure,Drama,Romance"
2017119,tt1189073,movie,The Skin I Live In,La piel que habito,0,2011.0,\N,120,"Drama,Mystery,Thriller"
2025336,tt1190539,movie,The Chaser,Chugyeokja,0,2008.0,\N,125,"Action,Crime,Drama"
2039729,tt1193138,movie,Up in the Air,Up in the Air,0,2009.0,\N,109,"Comedy,Drama,Romance"
2064509,tt1197624,movie,Law Abiding Citizen,Law Abiding Citizen,0,2009.0,\N,109,"Action,Crime,Drama"
2086112,tt1201607,movie,Harry Potter and the Deathly Hallows: Part 2,Harry Potter and the Deathly Hallows - Part 2,0,2011.0,\N,130,"Adventure,Family,Fantasy"
2107470,tt1205489,movie,Gran Torino,Gran Torino,0,2008.0,\N,116,Drama
2132885,tt1210166,movie,Moneyball,Moneyball,0,2011.0,\N,133,"Biography,Drama,Sport"
2142037,tt1211837,movie,Doctor Strange,Doctor Strange,0,2016.0,\N,115,"Action,Adventure,Fantasy"
2167109,tt1216496,movie,Mother,Madeo,0,2009.0,\N,129,"Crime,Drama,Mystery"
2182378,tt1219289,movie,Limitless,Limitless,0,2011.0,\N,105,"Sci-Fi,Thriller"
2190001,tt1220719,movie,Ip Man,Ip Man,0,2008.0,\N,106,"Action,Biography,Drama"
2219475,tt12262116,movie,Thirteen Lives,Thirteen Lives,0,2022.0,\N,147,"Biography,Drama,Thriller"
2236086,tt1229238,movie,Mission: Impossible - Ghost Protocol,Mission: Impossible - Ghost Protocol,0,2011.0,\N,132,"Action,Adventure,Thriller"
2269001,tt1235166,movie,A Prophet,Un prophète,0,2009.0,\N,155,"Crime,Drama"
2274124,tt12361178,movie,Drishyam 2,Drishyam 2,0,2021.0,\N,152,"Crime,Drama,Thriller"
2274563,tt12361974,movie,Zack Snyder's Justice League,Zack Snyder's Justice League,0,2021.0,\N,242,"Action,Adventure,Fantasy"
2303749,tt12415546,movie,Attack on Titan: Chronicle,Shingeki no Kyojin: Chronicle,0,2020.0,\N,122,"Action,Adventure,Animation"
2308352,tt1242422,movie,Cell 211,Celda 211,0,2009.0,\N,113,"Action,Crime,Drama"
2308558,tt1242460,movie,We Need to Talk About Kevin,We Need to Talk About Kevin,0,2011.0,\N,112,"Drama,Mystery,Thriller"
2352504,tt1250777,movie,Kick-Ass,Kick-Ass,0,2010.0,\N,117,"Action,Comedy,Crime"
2378902,tt1255953,movie,Incendies,Incendies,0,2010.0,\N,131,"Drama,Mystery,War"
2454954,tt1270798,movie,X-Men: First Class,X: First Class,0,2011.0,\N,131,"Action,Sci-Fi"
2482989,tt1276104,movie,Looper,Looper,0,2012.0,\N,119,"Action,Drama,Sci-Fi"
2491604,tt1277737,movie,The Stoning of Soraya M.,The Stoning of Soraya M.,0,2008.0,\N,114,Drama
2505838,tt1280558,movie,A Wednesday,A Wednesday,0,2008.0,\N,104,"Action,Crime,Drama"
2529828,tt1285016,movie,The Social Network,The Social Network,0,2010.0,\N,120,"Biography,Drama"
2538012,tt1286537,movie,"Food, Inc.","Food, Inc.",0,2008.0,\N,94,"Documentary,News"
2550164,tt12888462,movie,My Octopus Teacher,My Octopus Teacher,0,2020.0,\N,85,"Documentary,Drama"
2565032,tt1291584,movie,Warrior,Warrior,0,2011.0,\N,140,"Action,Drama,Sport"
2622062,tt1302006,movie,The Irishman,The Irishman,0,2019.0,\N,209,"Biography,Crime,Drama"
2642473,tt1305806,movie,The Secret in Their Eyes,El secreto de sus ojos,0,2009.0,\N,129,"Drama,Mystery,Romance"
2648874,tt1306980,movie,50/50,50/50,0,2011.0,\N,100,"Comedy,Drama,Romance"
2682396,tt1313104,movie,The Cove,The Cove,0,2009.0,\N,92,"Biography,Crime,Documentary"
2698280,tt1315981,movie,A Single Man,A Single Man,0,2009.0,\N,99,"Crime,Drama,Romance"
2712285,tt1318514,movie,Rise of the Planet of the Apes,Rise of the Planet of the Apes,0,2011.0,\N,105,"Action,Drama,Sci-Fi"
2739800,tt1323594,movie,Despicable Me,Despicable Me,0,2010.0,\N,95,"Adventure,Animation,Comedy"
2741042,tt13238346,movie,Past Lives,Past Lives,0,2023.0,\N,105,"Drama,Romance"
2758003,tt1327035,movie,Dev.D,Dev.D,0,2009.0,\N,144,"Comedy,Drama,Romance"
2822212,tt13391710,movie,Jana Gana Mana,Jana Gana Mana,0,2022.0,\N,162,"Crime,Drama,Thriller"
2858523,tt1345836,movie,The Dark Knight Rises,The Dark Knight Rises,0,2012.0,\N,164,"Action,Drama,Thriller"
2938730,tt1360860,movie,About Elly,Darbareye Elly,0,2009.0,\N,119,"Drama,Mystery"
2961398,tt1365050,movie,Beasts of No Nation,Beasts of No Nation,0,2015.0,\N,137,"Drama,War"
2969272,tt13664684,movie,Karthikeya 2,Karthikeya 2,0,2022.0,\N,150,"Action,Adventure,Fantasy"
2993474,tt1371111,movie,Cloud Atlas,Cloud Atlas,0,2012.0,\N,172,"Drama,Mystery,Sci-Fi"
3018385,tt1375666,movie,Inception,Inception,0,2010.0,\N,148,"Action,Adventure,Sci-Fi"
3060299,tt13833688,movie,The Whale,The Whale,0,2022.0,\N,117,Drama
3080033,tt1386932,movie,Ip Man 2,Yip Man 2,0,2010.0,\N,108,"Action,Biography,Drama"
3108952,tt1392190,movie,Mad Max: Fury Road,Mad Max: Fury Road,0,2015.0,\N,120,"Action,Adventure,Sci-Fi"
3109093,tt1392214,movie,Prisoners,Prisoners,0,2013.0,\N,153,"Crime,Drama,Mystery"
3143151,tt1398426,movie,Straight Outta Compton,Straight Outta Compton,0,2015.0,\N,147,"Biography,Drama,History"
3173075,tt1403865,movie,True Grit,True Grit,0,2010.0,\N,110,"Drama,Western"
3196292,tt1408101,movie,Star Trek Into Darkness,Star Trek Into Darkness,0,2013.0,\N,132,"Action,Adventure,Sci-Fi"
3235498,tt14152756,movie,Seaspiracy,Seaspiracy,0,2021.0,\N,89,"Adventure,Documentary"
3265724,tt14208870,movie,The Fabelmans,The Fabelmans,0,2022.0,\N,151,Drama
3277262,tt14230458,movie,Poor Things,Poor Things,0,2023.0,\N,141,"Comedy,Drama,Romance"
3284965,tt1424432,movie,Senna,Senna,0,2010.0,\N,106,"Biography,Documentary,Sport"
3321445,tt1431045,movie,Deadpool,Deadpool,0,2016.0,\N,108,"Action,Comedy"
3332860,tt14331144,movie,Jujutsu Kaisen 0,Gekijouban Jujutsu Kaisen 0,0,2021.0,\N,112,"Action,Animation,Fantasy"
3446988,tt1454029,movie,The Help,The Help,0,2011.0,\N,146,Drama
3449412,tt1454468,movie,Gravity,Gravity,0,2013.0,\N,91,"Drama,Sci-Fi,Thriller"
3467130,tt1457767,movie,The Conjuring,The Conjuring,0,2013.0,\N,112,"Horror,Mystery,Thriller"
3509040,tt1465522,movie,Tucker and Dale vs Evil,Tucker and Dale vs Evil,0,2010.0,\N,89,"Comedy,Horror"
3613482,tt14849194,movie,The Holdovers,The Holdovers,0,2023.0,\N,133,"Comedy,Drama"
3618150,tt1485796,movie,The Greatest Showman,The Greatest Showman,0,2017.0,\N,105,"Biography,Drama,Musical"
3633429,tt1488589,movie,Guillermo del Toro's Pinocchio,Guillermo del Toro's Pinocchio,0,2022.0,\N,117,"Adventure,Animation,Comedy"
3635099,tt14888874,movie,Demon Slayer: Kimetsu no Yaiba - Mt. Natagumo Arc,Kimetsu no Yaiba: Natagumo Yama Hen,0,2020.0,\N,138,"Action,Animation,Fantasy"
3641182,tt1490017,movie,The Lego Movie,The Lego Movie,0,2014.0,\N,100,"Action,Adventure,Animation"
3691851,tt1499666,movie,Castaway on the Moon,Kimssi pyoryugi,0,2009.0,\N,116,"Comedy,Drama,Romance"
3716616,tt1504320,movie,The King's Speech,The King's Speech,0,2010.0,\N,118,"Biography,Drama,History"
3745707,tt15097216,movie,Jai Bhim,Jai Bhim,0,2021.0,\N,164,"Crime,Drama,Mystery"
3774774,tt1515091,movie,Sherlock Holmes: A Game of Shadows,Sherlock Holmes: A Game of Shadows,0,2011.0,\N,129,"Action,Adventure,Mystery"
3787497,tt1517451,movie,A Star Is Born,A Star Is Born,0,2018.0,\N,136,"Drama,Music,Romance"
3822744,tt15239678,movie,Dune: Part Two,Dune: Part Two,0,2024.0,\N,166,"Action,Adventure,Drama"
3844019,tt1527788,movie,The Man from Nowhere,Ajeossi,0,2010.0,\N,119,"Action,Crime,Drama"
3870802,tt15327088,movie,Kantara,Kantara,0,2022.0,\N,148,"Action,Adventure,Drama"
3883889,tt1535109,movie,Captain Phillips,Captain Phillips,0,2013.0,\N,134,"Action,Biography,Crime"
3908734,tt15398776,movie,Oppenheimer,Oppenheimer,0,2023.0,\N,180,"Biography,Drama,History"
3922195,tt1542344,movie,127 Hours,127 Hours,0,2010.0,\N,94,"Biography,Drama"
3927820,tt15433956,movie,Hanu Man,Hanu Man,0,2024.0,\N,158,"Action,Adventure,Fantasy"
3964528,tt15501640,movie,Drishyam 2,Drishyam 2,0,2022.0,\N,140,"Crime,Drama,Mystery"
3990916,tt1555149,movie,Elite Squad 2: The Enemy Within,Tropa de Elite 2: O Inimigo Agora é Outro,0,2010.0,\N,115,"Action,Crime,Drama"
4034459,tt1562872,movie,Zindagi Na Milegi Dobara,Zindagi Na Milegi Dobara,0,2011.0,\N,155,"Comedy,Drama,Musical"
4064590,tt1568346,movie,The Girl with the Dragon Tattoo,The Girl with the Dragon Tattoo,0,2011.0,\N,158,"Crime,Drama,Mystery"
4067656,tt1568921,movie,The Secret World of Arrietty,Karigurashi no Arietti,0,2010.0,\N,94,"Adventure,Animation,Drama"
4077590,tt1570728,movie,"Crazy, Stupid, Love.","Crazy, Stupid, Love.",0,2011.0,\N,118,"Comedy,Drama,Romance"
4169205,tt1587707,movie,Exit Through the Gift Shop,Exit Through the Gift Shop,0,2010.0,\N,87,"Comedy,Crime,Documentary"
4171756,tt1588170,movie,I Saw the Devil,Ang-ma-reul bo-at-da,0,2010.0,\N,144,"Action,Crime,Thriller"
4182679,tt1590089,movie,Confessions,Kokuhaku,0,2010.0,\N,106,"Drama,Thriller"
4213479,tt1596363,movie,The Big Short,The Big Short,0,2015.0,\N,130,"Biography,Comedy,Drama"
4240525,tt1602620,movie,Amour,Amour,0,2012.0,\N,127,Drama
4247595,tt1605783,movie,Midnight in Paris,Midnight in Paris,0,2011.0,\N,94,"Comedy,Fantasy,Romance"
4279893,tt1614989,movie,Headhunters,Hodejegerne,0,2011.0,\N,100,"Action,Crime,Thriller"
4299982,tt1620933,movie,Paan Singh Tomar,Paan Singh Tomar,0,2012.0,\N,135,"Action,Biography,Crime"
4301907,tt1621830,movie,Monpura,Monpura,0,2009.0,\N,136,"Crime,Drama,Musical"
4329961,tt16277242,movie,Society of the Snow,La sociedad de la nieve,0,2023.0,\N,144,"Adventure,Biography,Drama"
4341358,tt1630029,movie,Avatar: The Way of Water,Avatar: The Way of Water,0,2022.0,\N,192,"Action,Adventure,Fantasy"
4350998,tt1631867,movie,Edge of Tomorrow,Edge of Tomorrow,0,2014.0,\N,113,"Action,Adventure,Sci-Fi"
4389886,tt1639426,movie,Udaan,Udaan,0,2010.0,\N,134,Drama
4416609,tt1645089,movie,Inside Job,Inside Job,0,2010.0,\N,109,"Crime,Documentary"
4424521,tt1646971,movie,How to Train Your Dragon 2,How to Train Your Dragon 2,0,2014.0,\N,102,"Action,Adventure,Animation"
4430144,tt16492678,movie,Demon Slayer: Kimetsu no Yaiba - Tsuzumi Mansion Arc,Kimetsu no Yaiba: Tsuzumi Yashiki Hen,0,2021.0,\N,87,"Action,Animation,Fantasy"
4430964,tt1649419,movie,The Impossible,Lo imposible,0,2012.0,\N,114,"Drama,History,Thriller"
4443932,tt1655442,movie,The Artist,The Artist,0,2011.0,\N,100,"Comedy,Drama,Romance"
4451296,tt1659337,movie,The Perks of Being a Wallflower,The Perks of Being a Wallflower,0,2012.0,\N,103,Drama
4460434,tt1663202,movie,The Revenant,The Revenant,0,2015.0,\N,156,"Action,Adventure,Drama"
4484923,tt16747572,movie,The Silence of Swastika,The Silence of Swastika,0,2021.0,\N,56,"Documentary,History"
4487827,tt1675434,movie,The Intouchables,Intouchables,0,2011.0,\N,112,"Comedy,Drama"
4496144,tt1677720,movie,Ready Player One,Ready Player One,0,2018.0,\N,140,"Action,Adventure,Sci-Fi"
4504299,tt1683526,movie,Detachment,Detachment,0,2011.0,\N,98,Drama
4546608,tt17009710,movie,Anatomy of a Fall,Anatomie d'une chute,0,2023.0,\N,151,"Crime,Drama,Thriller"
4549583,tt1702014,movie,The Way He Looks,Hoje Eu Quero Voltar Sozinho,0,2014.0,\N,96,"Drama,Romance"
4569469,tt1707386,movie,Les Misérables,Les Misérables,0,2012.0,\N,158,"Drama,Musical,Romance"
4600637,tt1727824,movie,Bohemian Rhapsody,Bohemian Rhapsody,0,2018.0,\N,134,"Biography,Drama,Music"
4601312,tt17279496,movie,Civil War,Civil War,0,2024.0,\N,109,"Action,Adventure,Thriller"
4632357,tt1745960,movie,Top Gun: Maverick,Top Gun: Maverick,0,2022.0,\N,130,"Action,Drama"
4634612,tt1748122,movie,Moonrise Kingdom,Moonrise Kingdom,0,2012.0,\N,94,"Adventure,Comedy,Drama"
4660317,tt1754656,movie,The Little Prince,Le petit prince,0,2015.0,\N,108,"Adventure,Animation,Drama"
4665088,tt17592606,movie,Daman,DAMaN,0,2022.0,\N,121,"Adventure,Drama"
4686401,tt1772341,movie,Wreck-It Ralph,Wreck-It Ralph,0,2012.0,\N,101,"Adventure,Animation,Comedy"
4686983,tt1772925,movie,Jiro Dreams of Sushi,Jiro Dreams of Sushi,0,2011.0,\N,81,Documentary
4697434,tt1781069,movie,Zeitgeist: Moving Forward,Zeitgeist: Moving Forward,0,2011.0,\N,161,Documentary
4710061,tt1790885,movie,Zero Dark Thirty,Zero Dark Thirty,0,2012.0,\N,157,"Drama,History,Thriller"
4718295,tt1798709,movie,Her,Her,0,2013.0,\N,126,"Drama,Romance,Sci-Fi"
4752851,tt1821480,movie,Kahaani,Kahaani,0,2012.0,\N,122,"Mystery,Thriller"
4752934,tt1821549,movie,Nebraska,Nebraska,0,2013.0,\N,115,Drama
4776988,tt1827487,movie,Once Upon a Time in Anatolia,Bir Zamanlar Anadolu'da,0,2011.0,\N,157,"Crime,Drama,Thriller"
4797783,tt1832382,movie,A Separation,Jodaeiye Nader az Simin,0,2011.0,\N,123,Drama
4821841,tt1839596,movie,Rockstar,Rockstar,0,2011.0,\N,159,"Drama,Music,Romance"
4828959,tt1843866,movie,Captain America: The Winter Soldier,Captain America: The Winter Soldier,0,2014.0,\N,136,"Action,Adventure,Sci-Fi"
4844675,tt1853728,movie,Django Unchained,Django Unchained,0,2012.0,\N,165,"Drama,Western"
4848576,tt1855199,movie,End of Watch,End of Watch,0,2012.0,\N,109,"Action,Crime,Drama"
4852977,tt1856101,movie,Blade Runner 2049,Blade Runner 2049,0,2017.0,\N,164,"Action,Drama,Mystery"
4869560,tt1865505,movie,Song of the Sea,Song of the Sea,0,2014.0,\N,93,"Adventure,Animation,Drama"
4891705,tt1877830,movie,The Batman,The Batman,0,2022.0,\N,176,"Action,Crime,Drama"
4891706,tt1877832,movie,X-Men: Days of Future Past,X-Men: Days of Future Past,0,2014.0,\N,132,"Action,Adventure,Sci-Fi"
4924720,tt1895587,movie,Spotlight,Spotlight,0,2015.0,\N,129,"Biography,Crime,Drama"
4933220,tt1899353,movie,The Raid: Redemption,Serbuan maut,0,2011.0,\N,101,"Action,Crime,Thriller"
4974416,tt1924396,movie,The Best Offer,La migliore offerta,0,2013.0,\N,131,"Crime,Drama,Mystery"
4991150,tt1935156,movie,Jodorowsky's Dune,Jodorowsky's Dune,0,2013.0,\N,90,Documentary
5000646,tt1937149,movie,The Body,El cuerpo,0,2012.0,\N,112,"Crime,Drama,Mystery"
5034022,tt1950186,movie,Ford v Ferrari,Ford v Ferrari,0,2019.0,\N,152,"Action,Biography,Drama"
5035573,tt1951264,movie,The Hunger Games: Catching Fire,The Hunger Games: Catching Fire,0,2013.0,\N,146,"Action,Adventure,Sci-Fi"
5040610,tt1954470,movie,Gangs of Wasseypur,Gangs of Wasseypur,0,2012.0,\N,321,"Action,Comedy,Crime"
5082436,tt19770238,movie,Aftersun,Aftersun,0,2022.0,\N,102,Drama
5087099,tt1979320,movie,Rush,Rush,0,2013.0,\N,123,"Action,Biography,Drama"
5087161,tt1979376,movie,Toy Story 4,Toy Story 4,0,2019.0,\N,100,"Adventure,Animation,Comedy"
5156215,tt2013293,movie,The Wind Rises,Kaze tachinu,0,2013.0,\N,126,"Animation,Biography,Drama"
5158439,tt2015381,movie,Guardians of the Galaxy,Guardians of the Galaxy,0,2014.0,\N,121,"Action,Adventure,Comedy"
5187382,tt2024519,movie,The Broken Circle Breakdown,The Broken Circle Breakdown,0,2012.0,\N,111,"Drama,Music,Romance"
5187513,tt2024544,movie,12 Years a Slave,12 Years a Slave,0,2013.0,\N,134,"Biography,Drama,History"
5192929,tt20256528,movie,What Is a Woman?,What Is a Woman?,0,2022.0,\N,95,Documentary
5262781,tt2070649,movie,Silenced,Do-ga-ni,0,2011.0,\N,125,Drama
5279959,tt2077886,movie,The Phantom of the Opera at the Royal Albert Hall,The Phantom of the Opera at the Royal Albert Hall,0,2011.0,\N,137,"Drama,Musical,Romance"
5287063,tt2082197,movie,Barfi!,Barfi!,0,2012.0,\N,151,"Comedy,Drama,Romance"
5292183,tt2084970,movie,The Imitation Game,The Imitation Game,0,2014.0,\N,114,"Biography,Drama,Thriller"
5292571,tt20850406,movie,Sita Ramam,Sita Ramam,0,2022.0,\N,163,"Action,Drama,Mystery"
5321383,tt2096673,movie,Inside Out,Inside Out,0,2015.0,\N,95,"Adventure,Animation,Comedy"
5331833,tt2103281,movie,Dawn of the Planet of the Apes,Dawn of the Planet of the Apes,0,2014.0,\N,130,"Action,Adventure,Drama"
5347295,tt21064584,movie,The Iron Claw,The Iron Claw,0,2023.0,\N,132,"Biography,Drama,Sport"
5347383,tt2106476,movie,The Hunt,Jagten,0,2012.0,\N,115,Drama
5393788,tt21192142,movie,All of Us Strangers,All of Us Strangers,0,2023.0,\N,105,"Drama,Fantasy,Romance"
5395194,tt2119532,movie,Hacksaw Ridge,Hacksaw Ridge,0,2016.0,\N,139,"Biography,Drama,History"
5425225,tt2125608,movie,Searching for Sugar Man,Searching for Sugar Man,0,2012.0,\N,86,"Biography,Documentary,Music"
5489282,tt2140203,movie,Wolf Children,Ôkami kodomo no Ame to Yuki,0,2012.0,\N,117,"Animation,Drama,Family"
5490047,tt2140373,movie,Saving Mr. Banks,Saving Mr. Banks,0,2013.0,\N,125,"Biography,Comedy,Drama"
5570878,tt2181831,movie,Shahid,Shahid,0,2012.0,\N,129,"Biography,Drama"
5571176,tt2181931,movie,English Vinglish,English Vinglish,0,2012.0,\N,134,"Comedy,Drama,Family"
5592494,tt2187153,movie,Thuppakki,Thuppakki,0,2012.0,\N,165,"Action,Thriller"
5625033,tt2194499,movie,About Time,About Time,0,2013.0,\N,123,"Comedy,Drama,Fantasy"
5644902,tt2199711,movie,Vishwaroopam,Vishwaroopam,0,2013.0,\N,148,"Action,Thriller"
5680949,tt2209418,movie,Before Midnight,Before Midnight,0,2013.0,\N,109,"Drama,Romance"
5685693,tt2213054,movie,Kai Po Che,Kai po che!,0,2013.0,\N,120,"Drama,Sport"
5698367,tt2218988,movie,Ustad Hotel,Ustad Hotel,0,2012.0,\N,151,"Comedy,Drama"
5743869,tt2245084,movie,Big Hero 6,Big Hero 6,0,2014.0,\N,102,"Action,Adventure,Animation"
5762955,tt2250912,movie,Spider-Man: Homecoming,Spider-Man: Homecoming,0,2017.0,\N,133,"Action,Adventure,Sci-Fi"
5783758,tt2265171,movie,The Raid 2,Serbuan maut 2: Berandal,0,2014.0,\N,150,"Action,Crime,Thriller"
5786395,tt2267998,movie,Gone Girl,Gone Girl,0,2014.0,\N,149,"Drama,Mystery,Thriller"
5807617,tt2278388,movie,The Grand Budapest Hotel,The Grand Budapest Hotel,0,2014.0,\N,99,"Adventure,Comedy,Crime"
5808537,tt2278871,movie,Blue Is the Warmest Colour,La vie d'Adèle,0,2013.0,\N,180,"Drama,Romance"
5820178,tt2283748,movie,OMG: Oh My God!,OMG: Oh My God!,0,2012.0,\N,125,"Comedy,Drama,Fantasy"
5843241,tt2294629,movie,Frozen,Frozen,0,2013.0,\N,102,"Adventure,Animation,Comedy"
5872021,tt2310332,movie,The Hobbit: The Battle of the Five Armies,The Hobbit: The Battle of the Five Armies,0,2014.0,\N,144,"Adventure,Fantasy"
5888207,tt2317337,movie,Vicky Donor,Vicky Donor,0,2012.0,\N,126,"Comedy,Romance"
5894256,tt2321405,movie,My Life as a Zucchini,Ma vie de Courgette,0,2016.0,\N,70,"Animation,Comedy,Drama"
5902817,tt23289160,movie,Godzilla Minus One,Gojira -1.0,0,2023.0,\N,124,"Action,Adventure,Drama"
5904936,tt2331143,movie,"Like Father, Like Son",Soshite chichi ni naru,0,2013.0,\N,121,Drama
5912162,tt2334649,movie,Fruitvale Station,Fruitvale Station,0,2013.0,\N,85,"Biography,Crime,Drama"
5915674,tt2338151,movie,PK,PK,0,2014.0,\N,153,"Comedy,Drama,Sci-Fi"
5935702,tt2350496,movie,The Lunchbox,The Lunchbox,0,2013.0,\N,104,"Drama,Romance"
5944480,tt2356180,movie,Bhaag Milkha Bhaag,Bhaag Milkha Bhaag,0,2013.0,\N,186,"Biography,Drama,Sport"
5948181,tt2358592,movie,Lucia,Lucia,0,2013.0,\N,135,"Drama,Sci-Fi,Thriller"
5948538,tt2358891,movie,The Great Beauty,La grande bellezza,0,2013.0,\N,141,Drama
5968689,tt2370248,movie,Short Term 12,Short Term 12,0,2013.0,\N,96,Drama
5983322,tt2375559,movie,1: Nenokkadine,1 - Nenokkadine,0,2014.0,\N,170,"Action,Thriller"
5983365,tt2375605,movie,The Act of Killing,The Act of Killing,0,2012.0,\N,117,"Biography,Crime,Documentary"
5989533,tt2377938,movie,Special 26,Special Chabbis,0,2013.0,\N,144,"Crime,Drama,Thriller"
5996097,tt2380307,movie,Coco,Coco,0,2017.0,\N,105,"Adventure,Animation,Drama"
5998889,tt2381111,movie,Brooklyn,Brooklyn,0,2015.0,\N,117,"Drama,Romance"
5999271,tt2381249,movie,Mission: Impossible - Rogue Nation,Mission: Impossible - Rogue Nation,0,2015.0,\N,131,"Action,Adventure,Thriller"
6009764,tt23849204,movie,12th Fail,12th Fail,0,2023.0,\N,147,"Biography,Drama"
6030830,tt2395469,movie,Gully Boy,Gully Boy,0,2019.0,\N,154,"Drama,Music,Romance"
6032798,tt2397535,movie,Predestination,Predestination,0,2014.0,\N,97,"Action,Drama,Sci-Fi"
6043834,tt2404461,movie,The Past,Le passé,0,2013.0,\N,130,"Drama,Mystery"
6052162,tt24082438,movie,20 Days in Mariupol,20 Days in Mariupol,0,2023.0,\N,95,"Documentary,War"
6077368,tt2431286,movie,Philomena,Philomena,0,2013.0,\N,98,"Biography,Comedy,Drama"
6088152,tt24485052,movie,Sirf Ek Bandaa Kaafi Hai,Sirf Ek Bandaa Kaafi Hai,0,2023.0,\N,132,"Crime,Drama,Thriller"
6121305,tt2488496,movie,Star Wars: Episode VII - The Force Awakens,Star Wars: Episode VII - The Force Awakens,0,2015.0,\N,138,"Action,Adventure,Sci-Fi"
6173988,tt2543164,movie,Arrival,Arrival,0,2016.0,\N,116,"Drama,Mystery,Sci-Fi"
6174302,tt25433734,movie,Hi Nanna,Hi Nanna,0,2023.0,\N,155,"Drama,Family,Romance"
6174524,tt2543472,movie,Wonder,Wonder,0,2017.0,\N,113,"Drama,Family"
6177447,tt2545118,movie,Blackfish,Blackfish,0,2013.0,\N,83,Documentary
6188950,tt2562232,movie,Birdman or (The Unexpected Virtue of Ignorance),Birdman or (The Unexpected Virtue of Ignorance),0,2014.0,\N,119,"Comedy,Drama"
6199617,tt2576852,movie,The Tale of The Princess Kaguya,Kaguya-hime no monogatari,0,2013.0,\N,137,"Animation,Drama,Family"
6207157,tt2582496,movie,Me and Earl and the Dying Girl,Me and Earl and the Dying Girl,0,2015.0,\N,105,"Comedy,Drama,Romance"
6207286,tt2582782,movie,Hell or High Water,Hell or High Water,0,2016.0,\N,102,"Crime,Drama,Thriller"
6207299,tt2582802,movie,Whiplash,Whiplash,0,2014.0,\N,106,"Drama,Music"
6207342,tt2582846,movie,The Fault in Our Stars,The Fault in Our Stars,0,2014.0,\N,126,"Drama,Romance"
6208610,tt2584384,movie,Jojo Rabbit,Jojo Rabbit,0,2019.0,\N,108,"Comedy,Drama,War"
6213666,tt2592910,movie,CM101MMXI Fundamentals,CM101MMXI Fundamentals,0,2013.0,\N,139,"Comedy,Documentary"
6252289,tt2631186,movie,Baahubali: The Beginning,Bãhubali: The Beginning,0,2015.0,\N,159,"Action,Drama"
6306771,tt2659414,movie,Miracle in Cell No. 7,7-beon-bang-ui seon-mul,0,2013.0,\N,127,"Comedy,Drama"
6352453,tt2674426,movie,Me Before You,Me Before You,0,2016.0,\N,110,"Drama,Romance"
6353215,tt26745657,movie,Madgaon Express,Madgaon Express,0,2024.0,\N,143,"Comedy,Drama"
6446404,tt2713180,movie,Fury,Fury,0,2014.0,\N,134,"Action,Drama,War"
6544447,tt27503384,movie,Perfect Days,Perfect Days,0,2023.0,\N,124,Drama
6576635,tt2758880,movie,Winter Sleep,Kis Uykusu,0,2014.0,\N,196,Drama
6717231,tt2802144,movie,Kingsman: The Secret Service,Kingsman: The Secret Service,0,2014.0,\N,129,"Action,Adventure,Comedy"
6717305,tt2802154,movie,Leviathan,Leviafan,0,2014.0,\N,140,"Crime,Drama"
6752294,tt28145495,movie,Uruttu Tech,Uruttu Tech,0,2023.0,\N,66,Comedy
6816727,tt28362963,movie,Checkmate,Checkmate,0,2023.0,\N,112,"Action,Comedy"
6926818,tt2870648,movie,Amy,Amy,0,2015.0,\N,128,"Biography,Documentary,Music"
6931336,tt2872718,movie,Nightcrawler,Nightcrawler,0,2014.0,\N,117,"Crime,Drama,Thriller"
6959521,tt28814949,movie,Taylor Swift: The Eras Tour,Taylor Swift: The Eras Tour,0,2023.0,\N,169,"Documentary,Music"
6962321,tt2882328,movie,Ugly,Ugly,0,2013.0,\N,128,"Crime,Drama,Mystery"
7007046,tt2911666,movie,John Wick,John Wick,0,2014.0,\N,101,"Action,Crime,Thriller"
7100540,tt2948356,movie,Zootopia,Zootopia,0,2016.0,\N,108,"Action,Adventure,Animation"
7100603,tt2948372,movie,Soul,Soul,0,2020.0,\N,100,"Adventure,Animation,Comedy"
7176982,tt2980516,movie,The Theory of Everything,The Theory of Everything,0,2014.0,\N,123,"Biography,Drama,Romance"
7191806,tt2991224,movie,Tangerines,Mandariinid,0,2013.0,\N,87,"Drama,War"
7233142,tt3011894,movie,Wild Tales,Relatos salvajes,0,2014.0,\N,122,"Comedy,Drama,Thriller"
7308708,tt3040964,movie,The Jungle Book,The Jungle Book,0,2016.0,\N,106,"Action,Adventure,Animation"
7379483,tt3076658,movie,Creed,Creed,0,2015.0,\N,133,"Action,Drama,Sport"
7384239,tt30783769,movie,Kaam Chalu Hai,Kaam Chalu Hai,0,2024.0,\N,82,War
7585153,tt3169706,movie,Pride,Pride,0,2014.0,\N,119,"Biography,Comedy,Drama"
7588252,tt3170832,movie,Room,Room,0,2015.0,\N,118,"Drama,Thriller"
7753323,tt3262342,movie,Loving Vincent,Loving Vincent,0,2017.0,\N,94,"Animation,Drama,Mystery"
7753969,tt3263904,movie,Sully,Sully,0,2016.0,\N,96,"Biography,Drama"
7761650,tt3281548,movie,Little Women,Little Women,0,2019.0,\N,135,"Drama,Romance"
7770746,tt3302820,movie,Cowspiracy: The Sustainability Secret,Cowspiracy: The Sustainability Secret,0,2014.0,\N,90,Documentary
7776225,tt3315342,movie,Logan,Logan,0,2017.0,\N,137,"Action,Drama,Sci-Fi"
7776918,tt3316960,movie,Still Alice,Still Alice,0,2014.0,\N,101,Drama
7779252,tt3322420,movie,Queen,Queen,0,2013.0,\N,146,"Adventure,Comedy,Drama"
7808736,tt3390572,movie,Haider,Haider,0,2014.0,\N,160,"Action,Crime,Drama"
7811845,tt3397884,movie,Sicario,Sicario,0,2015.0,\N,121,"Action,Crime,Drama"
7819939,tt3416742,movie,What We Do in the Shadows,What We Do in the Shadows,0,2014.0,\N,86,"Comedy,Horror"
7820230,tt3417422,movie,Drishyam,Drishyam,0,2013.0,\N,160,"Crime,Drama,Thriller"
7834382,tt3449292,movie,Manjhi: The Mountain Man,Manjhi: The Mountain Man,0,2015.0,\N,120,"Biography,Drama"
7835092,tt3450958,movie,War for the Planet of the Apes,War for the Planet of the Apes,0,2017.0,\N,140,"Action,Adventure,Drama"
7838925,tt3460252,movie,The Hateful Eight,The Hateful Eight,0,2015.0,\N,168,"Crime,Drama,Mystery"
7839371,tt3461252,movie,The Blue Elephant,The Blue Elephant,0,2014.0,\N,170,"Crime,Drama,Horror"
7855420,tt3498820,movie,Captain America: Civil War,Captain America: Civil War,0,2016.0,\N,147,"Action,Sci-Fi"
7856619,tt3501632,movie,Thor: Ragnarok,Thor: Ragnarok,0,2017.0,\N,130,"Action,Adventure,Comedy"
7861515,tt3513548,movie,Richard Jewell,Richard Jewell,0,2019.0,\N,131,"Biography,Crime,Drama"
7864710,tt3521134,movie,The Look of Silence,The Look of Silence,0,2014.0,\N,103,"Biography,Documentary,History"
7864720,tt3521164,movie,Moana,Moana,0,2016.0,\N,107,"Adventure,Animation,Comedy"
7874594,tt3544112,movie,Sing Street,Sing Street,0,2016.0,\N,106,"Comedy,Drama,Music"
7878699,tt3553976,movie,Captain Fantastic,Captain Fantastic,0,2016.0,\N,118,"Comedy,Drama"
7900961,tt3606756,movie,Incredibles 2,Incredibles 2,0,2018.0,\N,118,"Action,Adventure,Animation"
7903454,tt3612616,movie,Mommy,Mommy,0,2014.0,\N,139,Drama
7923736,tt3659388,movie,The Martian,The Martian,0,2015.0,\N,144,"Adventure,Drama,Sci-Fi"
7927534,tt3668162,movie,Bangalore Days,Bangalore Days,0,2014.0,\N,171,"Comedy,Drama,Romance"
7930087,tt3674140,movie,The Salt of the Earth,The Salt of the Earth,0,2014.0,\N,110,"Biography,Documentary,History"
7933784,tt3682448,movie,Bridge of Spies,Bridge of Spies,0,2015.0,\N,142,"Drama,History,Thriller"
7959542,tt3741834,movie,Lion,Lion,0,2016.0,\N,118,"Biography,Drama"
7962459,tt3748528,movie,Rogue One: A Star Wars Story,Rogue One,0,2016.0,\N,133,"Action,Adventure,Sci-Fi"
7977806,tt3783958,movie,La La Land,La La Land,0,2016.0,\N,128,"Comedy,Drama,Music"
7984695,tt3799694,movie,The Nice Guys,The Nice Guys,0,2016.0,\N,116,"Action,Comedy,Crime"
7985403,tt3801314,movie,Kaththi,Kaththi,0,2014.0,\N,166,"Action,Drama"
7998261,tt3829920,movie,Only the Brave,Only the Brave,0,2017.0,\N,134,"Action,Biography,Drama"
8003366,tt3841424,movie,Land of Mine,Under sandet,0,2015.0,\N,100,"Drama,History,War"
8006545,tt3848892,movie,Baby,Baby,0,2015.0,\N,159,"Action,Crime,Thriller"
8013082,tt3863552,movie,Bajrangi Bhaijaan,Bajrangi Bhaijaan,0,2015.0,\N,163,"Action,Adventure,Comedy"
8025013,tt3890160,movie,Baby Driver,Baby Driver,0,2017.0,\N,113,"Action,Crime,Drama"
8027588,tt3896198,movie,Guardians of the Galaxy Vol. 2,Guardians of the Galaxy Vol. 2,0,2017.0,\N,136,"Action,Adventure,Comedy"
8035854,tt3915174,movie,Puss in Boots: The Last Wish,Puss in Boots: The Last Wish,0,2022.0,\N,102,"Action,Adventure,Animation"
8082041,tt4016934,movie,The Handmaiden,Ah-ga-ssi,0,2016.0,\N,145,"Drama,Romance,Thriller"
8089815,tt4034228,movie,Manchester by the Sea,Manchester by the Sea,0,2016.0,\N,137,Drama
8094329,tt4044364,movie,Citizenfour,Citizenfour,0,2014.0,\N,114,"Biography,Documentary"
8110391,tt4080728,movie,A Man Called Ove,En man som heter Ove,0,2015.0,\N,116,"Comedy,Drama,Romance"
8136522,tt4139928,movie,The Legend of Maula Jatt,The Legend of Maula Jatt,0,2022.0,\N,153,"Action,Drama,Fantasy"
8142982,tt4154756,movie,Avengers: Infinity War,Avengers: Infinity War,0,2018.0,\N,149,"Action,Adventure,Sci-Fi"
8143001,tt4154796,movie,Avengers: Endgame,Avengers: Endgame,0,2019.0,\N,181,"Action,Adventure,Drama"
8149269,tt4169250,movie,M.S. Dhoni: The Untold Story,M.S. Dhoni: The Untold Story,0,2016.0,\N,184,"Biography,Drama,Sport"
8174619,tt4226388,movie,Victoria,Victoria,0,2015.0,\N,138,"Crime,Drama,Romance"
8188212,tt4257858,movie,Going Clear: Scientology & the Prison of Belief,Going Clear: Scientology and the Prison of Belief,0,2015.0,\N,119,Documentary
8208341,tt4302938,movie,Kubo and the Two Strings,Kubo and the Two Strings,0,2016.0,\N,101,"Action,Adventure,Animation"
8220880,tt4330758,movie,Black Hawk Down,Black Hawk Down,0,1997.0,\N,57,Documentary
8236171,tt4364194,movie,The Peanut Butter Falcon,The Peanut Butter Falcon,0,2019.0,\N,97,"Adventure,Comedy,Drama"
8246350,tt4387040,movie,Airlift,Airlift,0,2016.0,\N,130,"Action,Drama,History"
8263628,tt4425200,movie,John Wick: Chapter 2,John Wick: Chapter 2,0,2017.0,\N,122,"Action,Crime,Thriller"
8265841,tt4430212,movie,Drishyam,Drishyam,0,2015.0,\N,163,"Crime,Drama,Mystery"
8282877,tt4468740,movie,Paddington 2,Paddington 2,0,2017.0,\N,103,"Adventure,Comedy,Family"
8288508,tt4481414,movie,Gifted,Gifted,0,2017.0,\N,101,Drama
8314626,tt4540710,movie,Miss Sloane,Miss Sloane,0,2016.0,\N,132,Drama
8318617,tt4550098,movie,Nocturnal Animals,Nocturnal Animals,0,2016.0,\N,116,"Drama,Thriller"
8328954,tt4573394,movie,Endless Corridor,Endless Corridor,0,2014.0,\N,52,"Documentary,History"
8355649,tt4633694,movie,Spider-Man: Into the Spider-Verse,Spider-Man: Into the Spider-Verse,0,2018.0,\N,117,"Action,Adventure,Animation"
8356383,tt4635372,movie,Masaan,Masaan,0,2015.0,\N,109,Drama
8375775,tt4679210,movie,Premam,Premam,0,2015.0,\N,156,"Comedy,Drama,Romance"
8384384,tt4698684,movie,Hunt for the Wilderpeople,Hunt for the Wilderpeople,0,2016.0,\N,101,"Adventure,Comedy,Drama"
8398025,tt4729430,movie,Klaus,Klaus,0,2019.0,\N,96,"Adventure,Animation,Comedy"
8448883,tt4846340,movie,Hidden Figures,Hidden Figures,0,2016.0,\N,127,"Biography,Drama,History"
8450189,tt4849438,movie,Baahubali 2: The Conclusion,Bãhubali 2: The Conclusion,0,2017.0,\N,167,"Action,Drama"
8453514,tt4857264,movie,The Invisible Guest,Contratiempo,0,2016.0,\N,106,"Crime,Drama,Mystery"
8460433,tt4873118,movie,Guy Ritchie's the Covenant,The Covenant,0,2023.0,\N,123,"Action,Drama,Thriller"
8472998,tt4901306,movie,Perfect Strangers,Perfetti sconosciuti,0,2016.0,\N,96,"Comedy,Drama"
8476318,tt4908644,movie,Winter on Fire: Ukraine's Fight for Freedom,Winter on Fire: Ukraine's Fight for Freedom,0,2015.0,\N,102,"Documentary,History,War"
8478152,tt4912910,movie,Mission: Impossible - Fallout,Mission: Impossible - Fallout,0,2018.0,\N,147,"Action,Adventure,Thriller"
8479809,tt4916630,movie,Just Mercy,Just Mercy,0,2019.0,\N,137,"Biography,Crime,Drama"
8483710,tt4925292,movie,Lady Bird,Lady Bird,0,2017.0,\N,94,"Comedy,Drama"
8487886,tt4934950,movie,Talvar,Talvar,0,2015.0,\N,132,"Crime,Drama,Mystery"
8505761,tt4975722,movie,Moonlight,Moonlight,0,2016.0,\N,111,Drama
8508498,tt4981966,movie,24,24,0,2016.0,\N,164,"Action,Comedy,Drama"
8509304,tt4983780,movie,Maanaadu,Maanaadu,0,2021.0,\N,147,"Action,Adventure,Sci-Fi"
8511006,tt4987556,movie,Thani Oruvan,Thani Oruvan,0,2015.0,\N,160,"Action,Crime,Thriller"
8512782,tt4991384,movie,Visaaranai,Visaranai,0,2015.0,\N,117,"Crime,Drama,Thriller"
8522530,tt5013056,movie,Dunkirk,Dunkirk,0,2017.0,\N,106,"Action,Drama,History"
8529063,tt5027774,movie,"Three Billboards Outside Ebbing, Missouri","Three Billboards Outside Ebbing, Missouri",0,2017.0,\N,115,"Comedy,Crime,Drama"
8539886,tt5052448,movie,Get Out,Get Out,0,2017.0,\N,104,"Horror,Mystery,Thriller"
8549701,tt5074352,movie,Dangal,Dangal,0,2016.0,\N,161,"Action,Biography,Drama"
8553827,tt5083738,movie,The Favourite,The Favourite,0,2018.0,\N,119,"Biography,Comedy,Drama"
8562998,tt5104604,movie,Isle of Dogs,Isle of Dogs,0,2018.0,\N,101,"Adventure,Animation,Comedy"
8568179,tt5116302,movie,Togo,Togo,0,2019.0,\N,113,"Adventure,Biography,Drama"
8589239,tt5164432,movie,"Love, Simon","Love, Simon",0,2018.0,\N,110,"Comedy,Drama"
8590979,tt5168192,movie,"I, Daniel Blake","I, Daniel Blake",0,2016.0,\N,100,Drama
8598831,tt5186714,movie,The Salesman,Forooshande,0,2016.0,\N,124,"Drama,Thriller"
8603794,tt5198068,movie,Wolfwalkers,WolfWalkers,0,2020.0,\N,103,"Action,Adventure,Animation"
8638182,tt5275892,movie,O.J.: Made in America,O.J.: Made in America,0,2016.0,\N,467,"Biography,Crime,Documentary"
8654008,tt5311514,movie,Your Name.,Kimi no na wa.,0,2016.0,\N,106,"Animation,Drama,Fantasy"
8654309,tt5312232,movie,Sairat,Sairat,0,2016.0,\N,174,"Drama,Romance"
8659483,tt5323662,movie,A Silent Voice: The Movie,Koe no katachi,0,2016.0,\N,130,"Animation,Drama"
8672780,tt5354160,movie,Mirror Game,Aynabaji,0,2016.0,\N,147,"Crime,Mystery,Thriller"
8676665,tt5362988,movie,Wind River,Wind River,0,2017.0,\N,107,"Crime,Drama,Mystery"
8676943,tt5363618,movie,Sound of Metal,Sound of Metal,0,2019.0,\N,120,"Drama,Music"
8721052,tt5460658,movie,Life and a Day,Abad va yek rooz,0,2016.0,\N,112,Drama
8721621,tt5461944,movie,Hotel Mumbai,Hotel Mumbai,0,2018.0,\N,123,"Action,Drama,History"
8721899,tt5462602,movie,The Big Sick,The Big Sick,0,2017.0,\N,120,"Comedy,Drama,Romance"
8722159,tt5463162,movie,Deadpool 2,Deadpool 2,0,2018.0,\N,119,"Action,Adventure,Comedy"
8754873,tt5537002,movie,Killers of the Flower Moon,Killers of the Flower Moon,0,2023.0,\N,206,"Crime,Drama,History"
8770475,tt5571734,movie,Pink,Pink,0,2016.0,\N,136,"Crime,Drama,Thriller"
8774052,tt5580036,movie,"I, Tonya","I, Tonya",0,2017.0,\N,119,"Biography,Comedy,Drama"
8804423,tt5649144,movie,The Florida Project,The Florida Project,0,2017.0,\N,111,Drama
8827124,tt5700672,movie,Train to Busan,Busanhaeng,0,2016.0,\N,118,"Action,Horror,Thriller"
8838320,tt5726616,movie,Call Me by Your Name,Call Me by Your Name,0,2017.0,\N,132,"Drama,Romance"
8838506,tt5727208,movie,Uncut Gems,Uncut Gems,0,2019.0,\N,135,"Crime,Drama,Thriller"
8854427,tt5764096,movie,Hindi Medium,Hindi Medium,0,2017.0,\N,132,"Comedy,Drama"
8871812,tt5804038,movie,I Am Not Your Negro,I Am Not Your Negro,0,2016.0,\N,93,"Documentary,History"
8876031,tt5813916,movie,The Mountain II,Dag II,0,2016.0,\N,135,"Action,Drama,War"
8899765,tt5867800,movie,Aruvi,Aruvi,0,2016.0,\N,130,Drama
8911810,tt5895028,movie,13th,13th,0,2016.0,\N,100,"Crime,Documentary,History"
8927237,tt5929776,movie,Before the Flood,Before the Flood,0,2016.0,\N,96,"Documentary,News"
8940537,tt5959980,movie,Vada Chennai,Vada Chennai,0,2018.0,\N,164,"Action,Crime,Drama"
8966900,tt6019206,movie,Kill Bill: The Whole Bloody Affair,Kill Bill: The Whole Bloody Affair,0,2006.0,\N,247,"Action,Crime,Thriller"
9006062,tt6108090,movie,Secret Superstar,Secret Superstar,0,2017.0,\N,150,"Drama,Music"
9023398,tt6146586,movie,John Wick: Chapter 3 - Parabellum,John Wick: Chapter 3 - Parabellum,0,2019.0,\N,130,"Action,Crime,Thriller"
9024106,tt6148156,movie,Vikram Vedha,Vikram Vedha,0,2017.0,\N,147,"Action,Crime,Drama"
9027185,tt6155172,movie,Roma,Roma,0,2018.0,\N,135,Drama
9099114,tt6316138,movie,Ayla: The Daughter of War,Ayla: The Daughter of War,0,2017.0,\N,125,"Biography,Drama,History"
9101077,tt6320628,movie,Spider-Man: Far from Home,Spider-Man: Far from Home,0,2019.0,\N,129,"Action,Adventure,Comedy"
9106653,tt6333060,movie,Icarus,Icarus,0,2017.0,\N,120,"Documentary,Sport"
9127694,tt6380520,movie,Dhuruvangal Pathinaaru,Dhuruvangal Pathinaaru,0,2016.0,\N,105,"Crime,Drama,Mystery"
9159350,tt6452574,movie,Sanju,Sanju,0,2018.0,\N,155,"Biography,Comedy,Drama"
9180715,tt6499752,movie,Upgrade,Upgrade,0,2018.0,\N,100,"Action,Sci-Fi,Thriller"
9220412,tt6587046,movie,The Boy and the Heron,Kimitachi wa dô ikiru ka,0,2023.0,\N,124,"Adventure,Animation,Drama"
9239149,tt6628102,movie,The Wild Pear Tree,Ahlat Agaci,0,2018.0,\N,188,Drama
9246543,tt6644200,movie,A Quiet Place,A Quiet Place,0,2018.0,\N,90,"Drama,Horror,Sci-Fi"
9276566,tt6710474,movie,Everything Everywhere All at Once,Everything Everywhere All at Once,0,2022.0,\N,139,"Action,Adventure,Comedy"
9294640,tt6751668,movie,Parasite,Gisaengchung,0,2019.0,\N,132,"Drama,Thriller"
9310567,tt6791350,movie,Guardians of the Galaxy Vol. 3,Guardians of the Galaxy Vol. 3,0,2023.0,\N,150,"Action,Adventure,Comedy"
9349127,tt6878038,movie,A Taxi Driver,Taeksi woonjunsa,0,2017.0,\N,137,"Action,Drama,History"
9389455,tt6966692,movie,Green Book,Green Book,0,2018.0,\N,130,"Biography,Comedy,Drama"
9413090,tt7019842,movie,96,96,0,2018.0,\N,158,"Drama,Romance"
9413134,tt7019942,movie,Super Deluxe,Super Deluxe,0,2019.0,\N,176,"Comedy,Crime,Drama"
9431279,tt7060344,movie,Raatchasan,Ratsasan,0,2018.0,\N,146,"Action,Crime,Drama"
9431332,tt7060460,movie,Theeran Adhigaram Ondru,Theeran Adhigaaram Ondru,0,2017.0,\N,157,"Action,Crime,Thriller"
9463486,tt7131622,movie,Once Upon a Time... in Hollywood,Once Upon a Time in... Hollywood,0,2019.0,\N,161,"Comedy,Drama"
9476476,tt7160372,movie,The Zone of Interest,The Zone of Interest,0,2023.0,\N,105,"Drama,History,War"
9502903,tt7218518,movie,Pad Man,Padman,0,2018.0,\N,140,"Comedy,Drama"
9510677,tt7236034,movie,I Want to Eat Your Pancreas,Kimi no suizô o tabetai,0,2018.0,\N,109,"Animation,Drama,Family"
9525737,tt7268738,movie,Minnal Murali,Minnal Murali,0,2021.0,\N,158,"Action,Comedy,Drama"
9533915,tt7286456,movie,Joker,Joker,0,2019.0,\N,122,"Crime,Drama,Thriller"
9534091,tt7286916,movie,The Dawn Wall,The Dawn Wall,0,2017.0,\N,100,"Biography,Documentary,Sport"
9537630,tt7294534,movie,Arjun Reddy,Arjun Reddy,0,2017.0,\N,182,"Action,Drama,Romance"
9562470,tt7349662,movie,BlacKkKlansman,BlacKkKlansman,0,2018.0,\N,135,"Biography,Comedy,Crime"
9581933,tt7392212,movie,Rangasthalam 1985,Rangasthalam,0,2018.0,\N,170,"Action,Drama"
9588145,tt7405458,movie,A Man Called Otto,A Man Called Otto,0,2022.0,\N,126,"Comedy,Drama"
9616016,tt7465992,movie,Mahanati,Mahanati,0,2018.0,\N,177,"Biography,Drama"
9616371,tt7466810,movie,777 Charlie,777 Charlie,0,2022.0,\N,164,"Adventure,Comedy,Drama"
9624754,tt7485048,movie,Super 30,Super 30,0,2019.0,\N,154,"Biography,Drama"
9676779,tt7599146,movie,Sound of Freedom,Sound of Freedom,0,2023.0,\N,131,"Biography,Crime,Drama"
9701606,tt7653254,movie,Marriage Story,Marriage Story,0,2019.0,\N,137,"Drama,Romance"
9708654,tt7668870,movie,Searching,Searching,0,2018.0,\N,102,"Drama,Mystery,Thriller"
9714643,tt7681902,movie,Won't You Be My Neighbor?,Won't You Be My Neighbor?,0,2018.0,\N,95,"Biography,Documentary,History"
9734662,tt7725596,movie,Badhaai Ho,Badhaai ho,0,2018.0,\N,124,"Comedy,Drama"
9740624,tt7738784,movie,Peranbu,Peranbu,0,2018.0,\N,147,"Drama,Family"
9757689,tt7775622,movie,Free Solo,Free Solo,0,2018.0,\N,100,"Adventure,Documentary,Sport"
9786467,tt7838252,movie,K.G.F: Chapter 1,K.G.F: Chapter 1,0,2018.0,\N,154,"Action,Crime,Drama"
9809652,tt7888964,movie,Nobody,Nobody,0,2021.0,\N,92,"Action,Crime,Drama"
9817236,tt7905466,movie,They Shall Not Grow Old,They Shall Not Grow Old,0,2018.0,\N,99,"Documentary,History,War"
9850984,tt7979580,movie,The Mitchells vs. the Machines,The Mitchells vs the Machines,0,2021.0,\N,114,"Adventure,Animation,Comedy"
9895221,tt8075192,movie,Shoplifters,Manbiki kazoku,0,2018.0,\N,121,"Crime,Drama,Thriller"
9910519,tt8108198,movie,Andhadhun,Andhadhun,0,2018.0,\N,139,"Crime,Mystery,Thriller"
9910552,tt8108268,movie,The Tashkent Files,The Tashkent Files,0,2019.0,\N,134,"Drama,Mystery,Thriller"
9911542,tt8110330,movie,Dil Bechara,Dil Bechara,0,2020.0,\N,101,"Comedy,Drama,Romance"
9927053,tt8144834,movie,Section 375,Section 375,0,2019.0,\N,124,"Crime,Drama,Mystery"
9941154,tt8176054,movie,Pariyerum Perumal,Pariyerum Perumal,0,2018.0,\N,154,Drama
9942381,tt8178634,movie,RRR,RRR (Rise Roar Revolt),0,2022.0,\N,187,"Action,Adventure,Drama"
9970503,tt8239946,movie,Tumbbad,Tumbbad,0,2018.0,\N,104,"Drama,Fantasy,Horror"
9983259,tt8267604,movie,Capernaum,Capharnaüm,0,2018.0,\N,126,Drama
9994198,tt8291224,movie,Uri: The Surgical Strike,Uri: The Surgical Strike,0,2019.0,\N,138,"Action,Drama,History"
10029165,tt8367814,movie,The Gentlemen,The Gentlemen,0,2019.0,\N,113,"Action,Crime"
10046340,tt8404614,movie,The Two Popes,The Two Popes,0,2019.0,\N,125,"Biography,Comedy,Drama"
10050376,tt8413338,movie,Kumbalangi Nights,Kumbalangi Nights,0,2019.0,\N,135,"Comedy,Drama,Romance"
10091957,tt8503618,movie,Hamilton,Hamilton,0,2020.0,\N,160,"Biography,Drama,History"
10126883,tt8579674,movie,1917,1917,0,2019.0,\N,119,"Action,Drama,History"
10141592,tt8613070,movie,Portrait of a Lady on Fire,Portrait de la jeune fille en feu,0,2019.0,\N,122,"Drama,Romance"
10150791,tt8633462,movie,"Quo Vadis, Aida?","Quo vadis, Aida?",0,2020.0,\N,101,"Drama,History,War"
10189976,tt8721424,movie,"tick, tick... BOOM!","tick, tick...BOOM!",0,2021.0,\N,115,"Biography,Comedy,Drama"
10196821,tt8737152,movie,Toma,Toma,0,2021.0,\N,140,"Biography,Drama,Music"
10207306,tt8760684,movie,Apollo 11,Apollo 11,0,2019.0,\N,93,"Documentary,History"
10292409,tt8946378,movie,Knives Out,Knives Out,0,2019.0,\N,130,"Comedy,Crime,Drama"
10293444,tt8948790,movie,Jersey,Jersey,0,2019.0,\N,157,"Drama,Sport"
10313116,tt8991268,movie,Honeyland,Medena zemja,0,2019.0,\N,89,"Documentary,Drama"
10320220,tt9006564,movie,2018,2018,0,2023.0,\N,150,"Action,Drama,Thriller"
10340757,tt9052870,movie,Chhichhore,Chhichhore,0,2019.0,\N,143,"Comedy,Drama,Romance"
10349007,tt9071322,movie,Dark Waters,Dark Waters,0,2019.0,\N,126,"Biography,Drama,History"
10361651,tt9098872,movie,The Rescue,The Rescue,0,2021.0,\N,107,"Action,Documentary,Mystery"
10398993,tt9179430,movie,Vikram,Vikram,0,2022.0,\N,175,"Action,Crime,Drama"
10438080,tt9263550,movie,Rocketry: The Nambi Effect,Rocketry: The Nambi Effect,0,2022.0,\N,157,"Biography,Drama"
10484267,tt9362722,movie,Spider-Man: Across the Spider-Verse,Spider-Man: Across the Spider-Verse,0,2023.0,\N,140,"Action,Adventure,Animation"
10490730,tt9376612,movie,Shang-Chi and the Legend of the Ten Rings,Shang-Chi and the Legend of the Ten Rings,0,2021.0,\N,132,"Action,Adventure,Fantasy"
10496805,tt9389998,movie,Pushpa: The Rise - Part 1,Pushpa: The Rise - Part 1,0,2021.0,\N,179,"Action,Crime,Drama"
10537581,tt9477520,movie,Asuran,Asuran,0,2019.0,\N,141,"Action,Drama"
10548310,tt9500372,movie,Pocket Hercules: Naim Süleymanoglu,Cep Herkülü: Naim Süleymanoglu,0,2019.0,\N,141,"Biography,Drama,History"
10594933,tt9603212,movie,Mission: Impossible - Dead Reckoning Part One,Mission: Impossible - Dead Reckoning Part One,0,2023.0,\N,163,"Action,Adventure,Thriller"
10601470,tt9617456,movie,For Sama,For Sama,0,2019.0,\N,100,"Biography,Documentary,War"
10602788,tt9620288,movie,King Richard,King Richard,0,2021.0,\N,144,"Biography,Drama,Sport"
10602790,tt9620292,movie,Promising Young Woman,Promising Young Woman,0,2020.0,\N,113,"Crime,Drama,Mystery"
10621799,tt9660502,movie,Close,Close,0,2022.0,\N,104,Drama
10710920,tt9851854,movie,Major,Major,0,2022.0,\N,150,"Action,Biography,Drama"
10733327,tt9900782,movie,Kaithi,Kaithi,0,2019.0,\N,145,"Action,Crime,Drama"
